,Name,PubChem CID,Observed logFM,Predicted logFM,SMILES,MaxEStateIndex,MinEStateIndex,MaxAbsEStateIndex,MinAbsEStateIndex,qed,MolWt,HeavyAtomMolWt,ExactMolWt,NumValenceElectrons,NumRadicalElectrons,MaxPartialCharge,MinPartialCharge,MaxAbsPartialCharge,MinAbsPartialCharge,FpDensityMorgan1,FpDensityMorgan2,FpDensityMorgan3,BalabanJ,BertzCT,Chi0,Chi0n,Chi0v,Chi1,Chi1n,Chi1v,Chi2n,Chi2v,Chi3n,Chi3v,Chi4n,Chi4v,HallKierAlpha,Ipc,Kappa1,Kappa2,Kappa3,LabuteASA,PEOE_VSA1,PEOE_VSA10,PEOE_VSA11,PEOE_VSA12,PEOE_VSA13,PEOE_VSA14,PEOE_VSA2,PEOE_VSA3,PEOE_VSA4,PEOE_VSA5,PEOE_VSA6,PEOE_VSA7,PEOE_VSA8,PEOE_VSA9,SMR_VSA1,SMR_VSA10,SMR_VSA2,SMR_VSA3,SMR_VSA4,SMR_VSA5,SMR_VSA6,SMR_VSA7,SMR_VSA8,SMR_VSA9,SlogP_VSA1,SlogP_VSA10,SlogP_VSA11,SlogP_VSA12,SlogP_VSA2,SlogP_VSA3,SlogP_VSA4,SlogP_VSA5,SlogP_VSA6,SlogP_VSA7,SlogP_VSA8,SlogP_VSA9,TPSA,EState_VSA1,EState_VSA10,EState_VSA11,EState_VSA2,EState_VSA3,EState_VSA4,EState_VSA5,EState_VSA6,EState_VSA7,EState_VSA8,EState_VSA9,VSA_EState1,VSA_EState10,VSA_EState2,VSA_EState3,VSA_EState4,VSA_EState5,VSA_EState6,VSA_EState7,VSA_EState8,VSA_EState9,FractionCSP3,HeavyAtomCount,NHOHCount,NOCount,NumAliphaticCarbocycles,NumAliphaticHeterocycles,NumAliphaticRings,NumAromaticCarbocycles,NumAromaticHeterocycles,NumAromaticRings,NumHAcceptors,NumHDonors,NumHeteroatoms,NumRotatableBonds,NumSaturatedCarbocycles,NumSaturatedHeterocycles,NumSaturatedRings,RingCount,MolLogP,MolMR,fr_Al_COO,fr_Al_OH,fr_Al_OH_noTert,fr_ArN,fr_Ar_COO,fr_Ar_N,fr_Ar_NH,fr_Ar_OH,fr_COO,fr_COO2,fr_C_O,fr_C_O_noCOO,fr_C_S,fr_HOCCN,fr_Imine,fr_NH0,fr_NH1,fr_NH2,fr_N_O,fr_Ndealkylation1,fr_Ndealkylation2,fr_Nhpyrrole,fr_SH,fr_aldehyde,fr_alkyl_carbamate,fr_alkyl_halide,fr_allylic_oxid,fr_amide,fr_amidine,fr_aniline,fr_aryl_methyl,fr_azide,fr_azo,fr_barbitur,fr_benzene,fr_benzodiazepine,fr_bicyclic,fr_diazo,fr_dihydropyridine,fr_epoxide,fr_ester,fr_ether,fr_furan,fr_guanido,fr_halogen,fr_hdrzine,fr_hdrzone,fr_imidazole,fr_imide,fr_isocyan,fr_isothiocyan,fr_ketone,fr_ketone_Topliss,fr_lactam,fr_lactone,fr_methoxy,fr_morpholine,fr_nitrile,fr_nitro,fr_nitro_arom,fr_nitro_arom_nonortho,fr_nitroso,fr_oxazole,fr_oxime,fr_para_hydroxylation,fr_phenol,fr_phenol_noOrthoHbond,fr_phos_acid,fr_phos_ester,fr_piperdine,fr_piperzine,fr_priamide,fr_prisulfonamd,fr_pyridine,fr_quatN,fr_sulfide,fr_sulfonamd,fr_sulfone,fr_term_acetylene,fr_tetrazole,fr_thiazole,fr_thiocyan,fr_thiophene,fr_unbrch_alkane,fr_urea
0,Oxychlordane,33772,-1.02,-0.8,C12C(C(C3(C1O3)Cl)Cl)C4(C(=C(C2(C4(Cl)Cl)Cl)Cl)Cl)Cl,6.653356481481481,-1.5794444444444444,6.653356481481481,0.1428703703703711,0.3935978551784122,423.7649999999999,419.73299999999983,419.777036188,106,0,0.18468105132789045,-0.3473732952782383,0.3473732952782383,0.18468105132789045,0.8421052631578947,1.3157894736842106,1.8421052631578947,2.0047060661844776,519.6477418757856,14.171208396324303,8.741365151296183,14.788796719443823,8.559236629528225,5.385620489774986,8.467807581311565,5.315410948292055,9.651995474257525,4.7068054205461385,10.245912046579742,3.792040829750027,7.798272422526824,2.02,23946.912841996957,14.60208431635863,3.573338158014967,1.1550998482516102,148.8504774556581,4.736862953800049,15.852310970630521,9.393586746513458,0.0,0.0,0.0,0.0,0.0,0.0,34.802819670697545,58.00469945116258,0.0,11.835812092322787,15.44166057243292,4.736862953800049,92.80751912186011,0.0,0.0,11.835812092322787,30.622985585349703,0.0,10.064572704227194,0.0,0.0,0.0,0.0,0.0,92.80751912186011,30.622985585349703,4.736862953800049,11.835812092322787,0.0,10.064572704227194,0.0,0.0,0.0,12.53,30.436925243762794,0.0,0.0,22.08644513813689,0.0,0.0,0.0,0.0,0.0,0.0,97.54438207566017,3.8755916162761403,51.33351332199546,-2.6960648148148145,-1.2921450617283936,0.0,-0.7858796296296304,0.0,-0.37945987654321023,0.0,0.0,0.8,19,0,1,3,1,4,0,0,0,1,0,9,0,2,1,3,4,5.0192000000000005,80.415,0,0,0,0,0,0,0,0,0,0,0,0,0,0,0,0,0,0,0,0,0,0,0,0,0,6,2,0,0,0,0,0,0,0,0,0,7,0,0,1,0,1,0,0,8,0,0,0,0,0,0,0,0,0,0,0,0,0,0,0,0,0,0,0,0,0,0,0,0,0,0,0,0,0,0,0,0,0,0,0,0,0,0,0,0
1,DDE,3035,-0.98,-0.64,C1=CC(=CC=C1C(=C(Cl)Cl)C2=CC=C(C=C2)Cl)Cl,5.971501637692113,0.2080045351473927,5.971501637692113,0.2080045351473927,0.6193259253894803,318.03,309.966,315.938010976,92,0,0.11476001938864656,-0.08434373904737016,0.11476001938864656,0.08434373904737016,0.6111111111111112,0.9444444444444444,1.2222222222222223,2.5095731194515962,516.2479162169986,13.120955864630137,9.130660045553915,12.154375829627735,8.575387400469408,5.1486633561102915,6.660521248147201,3.6491968575947955,5.471461462976567,2.4547758466198917,3.33669295030809,1.6179951162543746,2.306407212065846,-0.6600000000000001,12051.94151834261,13.764312840339212,5.9881069763762165,3.211631271815919,125.74184342969666,0.0,4.491468174157927,0.0,0.0,0.0,0.0,0.0,0.0,0.0,0.0,70.6692278347765,35.392371257240434,15.61837115755192,0.0,0.0,51.976864090999335,0.0,0.0,0.0,0.0,0.0,74.19457433272746,0.0,0.0,0.0,0.0,0.0,46.40375956093006,0.0,0.0,0.0,11.126902983393991,53.022404721850805,10.045266627482652,5.573104530069267,0.0,0.0,0.0,0.0,0.0,4.491468174157927,10.045266627482652,16.70000751346326,0.0,24.26546827384644,24.26546827384644,0.0,46.40375956093006,0.2080045351473927,23.669487346378876,0.0,1.3331500377928955,2.5649181153943066,0.0,14.668884409730975,0.0,0.0,0.0,0.0,18,0,0,0,0,0,2,0,2,0,0,4,2,0,0,0,2,6.187900000000002,80.63200000000002,0,0,0,0,0,0,0,0,0,0,0,0,0,0,0,0,0,0,0,0,0,0,0,0,0,0,0,0,0,0,0,0,0,0,2,0,0,0,0,0,0,0,0,0,4,0,0,0,0,0,0,0,0,0,0,0,0,0,0,0,0,0,0,0,0,0,0,0,0,0,0,0,0,0,0,0,0,0,0,0,0,0,0,0,0
2,Mifepristone,4196,-0.96,-0.41,CC#CC1(CCC2C1(CC(C3=C4CCC(=O)C=C4CCC23)C5=CC=C(C=C5)N(C)C)C)O,12.169554587724438,-0.9136036181447889,12.169554587724438,0.22090616339128255,0.6395257442251706,429.60400000000016,394.3240000000002,429.26677936000004,168,0,0.15580410919281665,-0.37766120681062115,0.37766120681062115,0.15580410919281665,1.09375,1.84375,2.53125,1.6691166225706533,1066.6143469067176,22.672997628507925,19.87122510328662,19.87122510328662,15.270805714029754,12.175028102037896,12.175028102037896,10.755530844922424,10.755530844922424,9.030100038878691,9.030100038878691,7.381018208616034,7.381018208616034,-2.3099999999999996,20203271.620464023,21.53125141484778,7.631144053139787,3.1060786587995866,192.13735598643598,10.006437125691184,5.601050810983688,5.783244946364939,0.0,0.0,0.0,4.794537184071822,0.0,0.0,5.920434318855644,30.550010185538756,92.2028938251621,37.536448378522124,0.0,9.901064578912528,11.470631221048501,0.0,0.0,17.250802561719567,70.3121826170084,18.99525369620486,52.624253462585116,0.0,11.840868637711289,4.899909730850478,5.687386274683562,0.0,0.0,30.586167117543717,4.794537184071822,29.091671199430856,70.2745832977217,47.06080197088812,0.0,0.0,0.0,40.540000000000006,5.601050810983688,9.901064578912528,0.0,17.11614146192311,18.256633715248796,38.524929737556064,22.39704682651909,5.573104530069267,12.999757306524504,62.025327807453195,0.0,0.0,0.0,14.30194131022412,11.73233644270125,5.7147561067713495,7.758009432671905,8.973095028134711,8.23331815305706,4.14529723278093,4.141246293658673,0.5517241379310345,32,1,3,4,0,4,1,0,1,3,1,3,2,2,0,2,5,5.406500000000007,129.43180000000007,0,1,0,0,0,0,0,0,0,0,1,1,0,0,0,1,0,0,0,0,0,0,0,0,0,0,4,0,0,1,0,0,0,0,1,0,4,0,0,0,0,0,0,0,0,0,0,0,0,0,0,1,0,0,0,0,0,0,0,0,0,0,0,0,0,0,0,0,0,0,0,0,0,0,0,0,0,0,0,0,0,0,0,0,0
3,Atazanavir,148192,-0.89,-0.7,CC(C)(C)[C@@H](C(=O)N[C@@H](CC1=CC=CC=C1)[C@H](CN(CC2=CC=C(C=C2)C3=CC=CC=N3)NC(=O)[C@H](C(C)(C)C)NC(=O)OC)O)NC(=O)OC,13.797318778650155,-1.219772091968611,13.797318778650155,0.11982706952539202,0.15431195958816882,704.8690000000001,652.4530000000003,704.3897480040001,276,0,0.4070235526543356,-0.45287023541171595,0.45287023541171595,0.4070235526543356,0.7254901960784313,1.2745098039215685,1.7843137254901962,1.9550249990830342,1574.2277692726852,37.76900946675572,30.72740544906634,30.72740544906634,24.009607481976897,16.78569693912226,16.78569693912226,14.510544480062187,14.510544480062187,8.20593481071817,8.20593481071817,5.3795451057587576,5.3795451057587576,-5.01,54729404126.64799,40.419775408600145,18.291597116963185,12.676170892886663,300.0258549511556,30.530619114459796,12.083681658295921,0.0,5.907179729351506,5.907179729351506,12.18648014187683,19.998844286201237,14.597986892098174,0.0,0.0,102.20609388275984,40.510439682036775,24.849807875135223,32.05933029429979,33.75840203872809,24.00083960057984,0.0,31.369048254031114,10.82998093879356,78.7374901021745,20.764351488467643,90.1201513765464,0.0,11.257379486545457,21.376157209129378,9.589074368143644,0.0,0.0,84.09409840398212,32.028378304582326,10.82998093879356,52.66932618153773,78.9932483931524,0.0,11.257379486545457,0.0,171.22,59.06030941456558,24.284676131127995,0.0,19.51033443475116,0.0,22.38428246993945,14.219595082555067,31.97696769463948,93.56761642061119,26.360135730076586,9.473725907600098,9.538302770420852,0.0,56.331492292987484,21.5733433624831,4.876714466757629,-1.0346511044542859,19.836083496256204,-0.7783533025131042,10.888067888491163,2.4356667962376237,0.4473684210526316,51,5,13,0,0,0,2,1,3,9,5,13,14,0,0,0,3,4.2116000000000025,193.87659999999948,0,1,1,0,0,1,0,0,0,0,4,4,0,0,0,2,4,0,0,0,0,0,0,0,2,0,0,4,0,0,0,0,0,0,2,0,0,0,0,0,0,2,0,0,0,1,0,0,0,0,0,0,0,0,0,2,0,0,0,0,0,0,0,0,0,0,0,0,0,0,0,0,0,1,0,0,0,0,0,0,0,0,0,0,0
4,Nonachlor,19520,-0.84,-1.0,C12C(C(C(C1Cl)Cl)Cl)C3(C(=C(C2(C3(Cl)Cl)Cl)Cl)Cl)Cl,6.625578703703703,-1.607222222222222,6.625578703703703,0.12256172839506241,0.4085181682580131,444.22699999999986,439.1869999999999,439.75879928,108,0,0.16644899819012934,-0.12093837573444575,0.16644899819012934,0.12093837573444575,0.631578947368421,0.9473684210526315,1.263157894736842,2.2939347065697127,447.3919992336559,14.541451884327381,8.788431603031173,15.591792117197269,8.541451884327381,5.282564025591951,8.859658205063273,5.010736211216372,9.798245293209197,4.345542763197258,10.524795121800098,3.472701214485861,8.07852157854867,2.35,16264.469587888798,16.216343556988203,4.456309280641704,1.4667615370990044,155.04602960656214,0.0,9.748344582882218,4.33335411348544,0.0,0.0,0.0,0.0,0.0,0.0,58.00469945116258,46.40375956093006,0.0,11.835812092322787,26.19583630884437,0.0,104.40845901209262,0.0,0.0,11.835812092322787,30.212962300984834,0.0,10.064572704227194,0.0,0.0,0.0,0.0,0.0,104.40845901209262,30.212962300984834,0.0,11.835812092322787,0.0,10.064572704227194,0.0,0.0,0.0,0.0,42.048774393307625,0.0,0.0,10.064572704227194,0.0,0.0,0.0,0.0,0.0,0.0,104.40845901209262,-1.607222222222222,57.42003086419752,-2.76912037037037,-1.3831944444444437,0.0,-0.9104938271604945,0.0,0.0,0.0,0.0,0.8,19,0,0,3,0,3,0,0,0,0,0,9,0,2,0,2,3,5.9001,86.24000000000001,0,0,0,0,0,0,0,0,0,0,0,0,0,0,0,0,0,0,0,0,0,0,0,0,0,7,2,0,0,0,0,0,0,0,0,0,5,0,0,0,0,0,0,0,9,0,0,0,0,0,0,0,0,0,0,0,0,0,0,0,0,0,0,0,0,0,0,0,0,0,0,0,0,0,0,0,0,0,0,0,0,0,0,0,0
5,Chlordane,5993,-0.78,-0.85,C1C2C(C(C1Cl)Cl)C3(C(=C(C2(C3(Cl)Cl)Cl)Cl)Cl)Cl,6.6189120370370365,-1.5031944444444445,6.6189120370370365,0.1837962962962969,0.4512924377010626,409.7819999999999,403.7339999999999,405.797771632,102,0,0.16639213708135842,-0.12137493978578001,0.16639213708135842,0.12137493978578001,0.8888888888888888,1.3888888888888888,1.9444444444444444,2.2643842348284595,458.7940325905037,13.671208396324303,8.540223642018866,14.587655210166508,8.113931529398815,5.214176049617018,8.354834448616353,4.954289078731424,9.29447591462998,4.316900465921418,9.791961426781736,3.483641590366997,7.460477664320581,2.06,10895.219690366192,14.974961174872123,4.074683778471499,1.2808607895598967,144.74276337968047,0.0,9.748344582882218,4.33335411348544,0.0,0.0,0.0,0.0,0.0,0.0,46.40375956093006,46.40375956093006,12.338727669087403,5.917906046161393,20.818748440638647,0.0,92.80751912186011,0.0,0.0,11.835812092322787,31.25669605570512,0.0,10.064572704227194,0.0,0.0,0.0,0.0,0.0,92.80751912186011,24.835874432779107,0.0,11.835812092322787,6.4208216229260096,10.064572704227194,0.0,0.0,0.0,0.0,19.458786564573384,0.0,0.0,27.277472664755706,6.4208216229260096,0.0,0.0,0.0,0.0,0.0,92.80751912186011,-1.5031944444444445,51.0059336419753,-2.5047916666666663,-0.2594598765432088,0.0,-0.4884259259259265,0.0,0.555493827160494,0.0,0.0,0.8,18,0,0,3,0,3,0,0,0,0,0,8,0,2,0,2,3,5.6828,81.21600000000001,0,0,0,0,0,0,0,0,0,0,0,0,0,0,0,0,0,0,0,0,0,0,0,0,0,6,2,0,0,0,0,0,0,0,0,0,5,0,0,0,0,0,0,0,8,0,0,0,0,0,0,0,0,0,0,0,0,0,0,0,0,0,0,0,0,0,0,0,0,0,0,0,0,0,0,0,0,0,0,0,0,0,0,0,0
6,HCB,8370,-0.7,-0.73,C1(=C(C(=C(C(=C1Cl)Cl)Cl)Cl)Cl)Cl,5.668765432098764,0.10901234567901286,5.668765432098764,0.10901234567901286,0.42914285873675967,284.784,284.784,281.81311608,66,0,0.08095719062665294,-0.08095719062665294,0.08095719062665294,0.08095719062665294,0.3333333333333333,0.4166666666666667,0.5,3.6035674514745475,226.30309024251744,9.464101615137753,5.267786838055362,9.80336051416609,5.464101615137754,2.6338934190276815,4.901680257083045,1.883893419027681,4.151680257083046,1.1562324237995552,4.004411557112952,0.5781162118997776,2.002205778556476,0.96,416.3143647971509,11.037160493827162,3.9964613932952346,1.7451793639053257,99.25100048078698,0.0,0.0,0.0,0.0,0.0,0.0,0.0,0.0,0.0,0.0,69.60563934139509,0.0,0.0,30.13579988244796,0.0,69.60563934139509,0.0,0.0,0.0,0.0,0.0,30.13579988244796,0.0,0.0,0.0,0.0,0.0,69.60563934139509,0.0,0.0,0.0,0.0,0.0,30.13579988244796,0.0,0.0,0.0,0.0,0.0,0.0,30.13579988244796,0.0,0.0,0.0,0.0,0.0,0.0,69.60563934139509,0.0,34.01259259259259,0.0,0.6540740740740778,0.0,0.0,0.0,0.0,0.0,0.0,0.0,12,0,0,0,0,0,1,0,1,0,0,6,0,0,0,0,1,5.606999999999999,56.50200000000001,0,0,0,0,0,0,0,0,0,0,0,0,0,0,0,0,0,0,0,0,0,0,0,0,0,0,0,0,0,0,0,0,0,0,1,0,0,0,0,0,0,0,0,0,6,0,0,0,0,0,0,0,0,0,0,0,0,0,0,0,0,0,0,0,0,0,0,0,0,0,0,0,0,0,0,0,0,0,0,0,0,0,0,0,0
7,Flupenthixol,5281881,-0.62,-0.52,C1CN(CCN1CC/C=C\2/C3=CC=CC=C3SC4=C2C=C(C=C4)C(F)(F)F)CCO,13.309689211440377,-4.351174753583126,13.309689211440377,0.1833744523812788,0.6349720395702217,434.52700000000016,409.3270000000001,434.16396907999996,160,0,0.41593257163893904,-0.3950445544207227,0.41593257163893904,0.3950445544207227,0.9,1.5666666666666667,2.2666666666666666,1.546976094470944,920.9045022075356,21.139617433688315,16.659438899000804,17.47593547992853,14.45283960607264,10.201096928056453,11.017593508984183,7.620281950927076,8.7040589074139,5.669135723184253,6.820954061415054,4.036793468725947,5.123201934809739,-1.8,6669991.190941506,21.432741617357,9.138914558696841,4.747434258582906,178.73521257142767,10.006437125691184,0.0,0.0,0.0,0.0,6.176298517443475,4.899909730850478,0.0,13.171245143024459,0.0,36.037006261609825,47.386297410235706,49.059505386511,12.170333456209914,18.277772537865165,17.334989479460383,0.0,9.799819461700956,0.0,22.388087091405033,45.875420399988364,65.23094406115614,0.0,0.0,0.0,13.171245143024459,0.0,11.761884949391115,60.78176725653002,6.176298517443475,0.0,23.111176098016994,58.3315565371007,0.0,5.573104530069267,0.0,26.71,11.73975000914047,13.171245143024459,0.0,6.606881964512918,12.10820789760957,60.07212662529069,23.894619086314336,6.06636706846161,24.26546827384644,15.875839568534836,5.106527394840706,39.92906763432113,1.527408903851038,6.568643056746794,9.064938898768194,1.9582245625217938,0.0,11.962775354528704,-1.4745299753014431,5.546804897897122,0.0,0.391304347826087,30,1,3,0,2,2,2,0,2,4,1,7,5,0,1,1,4,4.6017000000000055,113.67080000000006,0,1,1,0,0,0,0,0,0,0,0,0,0,1,0,2,0,0,0,0,0,0,0,0,0,3,0,0,0,0,0,0,0,0,2,0,2,0,0,0,0,0,0,0,3,0,0,0,0,0,0,0,0,0,0,0,0,0,0,0,0,0,0,0,0,0,0,0,0,0,1,0,0,0,0,0,0,0,0,0,0,0,0,0,0
8,Lopinavir,3817,-0.62,-0.7,CC1=C(C(=CC=C1)C)OCC(=O)NC(CC2=CC=CC=C2)C(CC(CC3=CC=CC=C3)NC(=O)C(C(C)C)N4CCCNC4=O)O,13.824468469754573,-0.9915267017300751,13.824468469754573,0.11744994297403721,0.199874123748593,628.814,580.4300000000004,628.3624706360001,246,0,0.31759486365989026,-0.4832294652830567,0.4832294652830567,0.31759486365989026,0.8913043478260869,1.5,2.0869565217391304,1.5215253926910401,1411.9399871126961,33.053466517131895,27.369472666574463,27.369472666574463,22.117101296127604,16.211387532744798,16.211387532744798,12.539353366502,12.539353366502,8.411735501010686,8.411735501010686,6.1159298989720146,6.1159298989720146,-4.369999999999999,11848943881.176159,34.50215976368346,16.800052215267485,9.813282839260593,272.2754260544931,30.69366589151022,11.791352662431866,6.606881964512918,5.907179729351506,5.907179729351506,6.031114512338072,9.589074368143644,4.794537184071822,0.0,0.0,92.71024628938218,67.70247290403466,19.13135364097311,12.145807216896262,24.227001900856216,17.845473971041084,0.0,20.850275542869472,5.917906046161393,77.60772416565871,19.696394776338067,101.11657785678895,0.0,5.749511833283905,20.68722876581904,4.794537184071822,5.749511833283905,0.0,71.77779474826252,22.43071761399566,19.76538044554264,48.94292361202125,78.86277189000094,0.0,0.0,0.0,120.00000000000001,24.229488875192185,19.490138947056174,0.0,36.7910836046414,31.680667890961075,28.674627589713992,0.0,4.899909730850478,106.55772068876344,15.950365812018994,4.736862953800049,5.900000577767498,0.0,41.32834805570983,20.73501869891124,3.84204284866756,-0.049276027331538574,23.279468434622697,0.8314975711399,8.63289984051281,0.0,0.43243243243243246,46,4,9,0,1,1,3,0,3,5,4,9,15,0,1,1,4,4.328140000000004,179.53589999999951,0,1,1,0,0,0,0,0,0,0,3,3,0,0,0,1,3,0,0,0,0,0,0,0,0,0,0,4,0,0,2,0,0,0,3,0,0,0,0,0,0,1,0,0,0,0,0,0,0,0,0,0,0,0,0,0,0,0,0,0,0,0,0,0,1,0,0,0,0,0,0,0,0,0,0,0,0,0,0,0,0,0,0,0,1
9,Propranolol,4946,-0.59,-0.29,CC(C)NCC(COC1=CC=CC2=CC=CC=C21)O,9.843953766691861,-0.49873299319727926,9.843953766691861,0.2993329554043842,0.8375057924076361,259.349,238.18099999999995,259.157228912,102,0,0.12675869165350548,-0.49019502312328916,0.49019502312328916,0.12675869165350548,1.105263157894737,1.8421052631578947,2.6315789473684212,1.9779417823071141,519.6427894422644,13.664925939000156,11.465827871043551,11.465827871043551,9.16470379794645,6.685791019114888,6.685791019114888,5.005061210895827,5.005061210895827,2.9425786417040287,2.9425786417040287,1.9381932675812228,1.9381932675812228,-1.5799999999999996,22327.72709286353,13.84252142964087,6.547124220490315,3.9447395719001546,113.76036150292278,15.160178952647085,18.460360185545124,0.0,0.0,0.0,0.0,0.0,0.0,0.0,0.0,50.245676810150904,11.452591282926406,17.97282144952533,0.0,9.843390348640755,10.772448428929591,0.0,5.316788604006331,0.0,25.993281616277514,13.151638370425493,42.46456947923127,0.0,5.749511833283905,10.05365155780638,0.0,5.749511833283905,0.0,30.403972982162465,0.0,0.0,13.847474399381248,42.46456947923127,0.0,10.772448428929591,0.0,41.489999999999995,6.103966387748303,5.106527394840706,0.0,0.0,19.193479199573453,16.521960262213497,0.0,0.0,30.33183534230805,31.296997140310797,4.736862953800049,5.723354119425548,0.0,0.0,15.258388238011253,0.0,0.8210156840513985,14.411528118963636,-0.49873299319727926,4.951113499412111,0.0,0.375,19,2,3,0,0,0,2,0,2,3,2,3,6,0,0,0,2,2.577500000000001,78.58850000000005,0,1,1,0,0,0,0,0,0,0,0,0,0,0,0,0,1,0,0,0,0,0,0,0,0,0,0,0,0,0,0,0,0,0,2,0,1,0,0,0,0,1,0,0,0,0,0,0,0,0,0,0,0,0,0,0,0,0,0,0,0,0,0,0,0,0,0,0,0,0,0,0,0,0,0,0,0,0,0,0,0,0,0,0,0
10,Disopyramide,3114,-0.59,-0.43,CC(C)N(CCC(C1=CC=CC=C1)(C2=CC=CC=N2)C(=O)N)C(C)C,12.738290816326531,-0.9260416666666673,12.738290816326531,0.35660903250188913,0.8020711980677476,339.4830000000002,310.25100000000003,339.231062548,134,0,0.2337163280303836,-0.3685549165356388,0.3685549165356388,0.2337163280303836,1.04,1.64,2.12,2.5021892987991485,620.555221777562,18.44938298937633,15.645092274112388,15.645092274112388,11.891588528501451,8.919543717304593,8.919543717304593,7.025906625619414,7.025906625619414,4.860954956686849,4.860954956686849,3.559344711909495,3.559344711909495,-2.1999999999999997,333329.6782175118,19.129072805592827,8.25562130177515,4.07432733929559,150.61881291773346,5.733667477162185,5.41499046939678,0.0,5.907179729351506,0.0,0.0,14.678425435869507,0.0,0.0,0.0,36.39820241076966,51.81195605030872,24.82528163582157,5.693927994848461,4.794537184071822,5.907179729351506,0.0,9.883888251797686,5.733667477162185,51.61444254938121,6.544756405912575,65.98515960585141,0.0,0.0,5.733667477162185,0.0,0.0,0.0,34.419506045357686,10.209527653468601,0.0,45.373149908233955,54.72778011930596,0.0,0.0,0.0,59.22,5.41499046939678,4.794537184071822,0.0,5.907179729351506,24.198431276070394,12.10820789760957,0.0,6.196843571613076,48.53093654769288,37.57883705056018,5.733667477162185,0.0,0.0,19.61401785714286,0.0,6.6570034958427815,-0.35660903250188913,16.21355300453515,2.317800925925926,9.470900415721845,0.0,0.42857142857142855,25,2,4,0,0,0,1,1,2,3,1,4,8,0,0,0,2,3.361900000000001,102.24840000000006,0,0,0,0,0,1,0,0,0,0,1,1,0,0,0,2,0,1,0,0,0,0,0,0,0,0,0,1,0,0,0,0,0,0,1,0,0,0,0,0,0,0,0,0,0,0,0,0,0,0,0,0,0,0,0,0,0,0,0,0,0,0,0,0,0,0,0,0,0,0,0,1,0,1,0,0,0,0,0,0,0,0,0,0,0
11,Piperacillin,4834,-0.57,-0.38,CCN1CCN(C(=O)C1=O)C(=O)NC(C2=CC=CC=C2)C(=O)NC3C4N(C3=O)C(C(S4)(C)C)C(=O)[O-],13.307147695127945,-1.37042919259829,13.307147695127945,0.025937165591989997,0.3387247955446623,516.5560000000003,490.3480000000003,516.15584275191,192,0,0.324987395165953,-0.5478320702941469,0.5478320702941469,0.324987395165953,1.1111111111111112,1.7777777777777777,2.388888888888889,1.508034016104657,1127.1091366489645,26.361078361706788,19.92509987647706,20.741596457404786,16.97327009534065,11.450053350002252,12.329706161257146,9.200001737538075,10.970886876910633,6.56066022739709,8.132190822244569,4.680187862597292,6.300992346969616,-3.61,71779220.35537256,25.481937967128644,9.4490900004599,4.271776707247516,210.88362735930167,30.33446124862614,17.45755447126466,0.0,11.814359458703011,0.0,17.845473971041084,24.07805846713776,4.794537184071822,0.0,11.761884949391115,30.33183534230805,26.334663090768867,24.381291670955285,12.011146117099809,33.87375049927164,47.391023667087055,0.0,25.333306400564094,0.0,49.017629352702045,19.634269217737724,35.89528683400505,0.0,0.0,15.740104602853368,4.794537184071822,0.0,11.761884949391115,92.16771405246733,23.97268592035911,0.0,32.37650391991683,30.33183534230805,0.0,0.0,0.0,159.26,63.87555647132612,33.87375049927164,0.0,13.08951281182515,12.10820789760957,4.899909730850478,21.561704411092073,51.103046941379915,0.0,10.633577208012662,0.0,-0.8202200229490995,1.242009679525046,78.56911865998264,16.14505563219934,0.393486670131016,-4.437365888811092,3.9154248904218365,0.0,5.575823712833661,0.0,0.4782608695652174,36,2,12,0,3,3,1,0,1,8,2,13,6,0,3,3,4,-1.5749999999999957,124.71140000000004,1,0,0,0,0,0,0,0,1,1,6,6,0,0,0,3,2,0,0,1,0,0,0,0,0,0,0,6,0,0,0,0,0,0,1,0,1,0,0,0,0,0,0,0,0,0,0,0,1,0,0,0,0,1,0,0,0,0,0,0,0,0,0,0,0,0,0,0,0,0,1,0,0,0,0,1,0,0,0,0,0,0,0,0,1
12,Heptachlor epoxide,13930,-0.48,-0.73,C12C(C(C3C1O3)Cl)C4(C(=C(C2(C4(Cl)Cl)Cl)Cl)Cl)Cl,6.650023148148147,-1.503302469135802,6.650023148148147,0.06075617283950607,0.44054976114239786,389.31999999999994,384.28,385.81600854000004,100,0,0.16649739582499357,-0.36756943393947217,0.36756943393947217,0.16649739582499357,0.8333333333333334,1.3333333333333333,1.8888888888888888,2.010494835389877,476.45466329235546,13.248558665513928,8.44075094747658,13.732253569605767,8.203247926875854,5.317532765910998,8.021755384438348,5.187197397977174,8.966801218612062,4.623316518153296,9.43563048319371,3.7998447110925864,7.485288680800198,1.73,18845.419477601765,13.396883124047113,3.381103607922141,1.0206134495248096,138.54721122877638,4.736862953800049,15.852310970630521,4.33335411348544,0.0,0.0,0.0,0.0,0.0,0.0,34.802819670697545,46.40375956093006,0.0,11.835812092322787,21.545626960181224,4.736862953800049,81.2065792316276,0.0,0.0,11.835812092322787,31.66671934006999,0.0,10.064572704227194,0.0,0.0,0.0,0.0,0.0,81.2065792316276,31.66671934006999,4.736862953800049,11.835812092322787,0.0,10.064572704227194,0.0,0.0,0.0,12.53,14.081698696367658,0.0,0.0,39.4854054402523,0.0,0.0,0.0,0.0,0.0,0.0,85.94344218542766,3.99880149281935,45.00536517384731,-2.477592592592592,0.11078703703703852,0.0,-0.4571759259259265,0.0,-0.15240740740740755,0.0,0.0,0.8,18,0,1,3,1,4,0,0,0,1,0,8,0,2,1,3,4,4.452700000000001,75.61900000000001,0,0,0,0,0,0,0,0,0,0,0,0,0,0,0,0,0,0,0,0,0,0,0,0,0,5,2,0,0,0,0,0,0,0,0,0,7,0,0,1,0,1,0,0,7,0,0,0,0,0,0,0,0,0,0,0,0,0,0,0,0,0,0,0,0,0,0,0,0,0,0,0,0,0,0,0,0,0,0,0,0,0,0,0,0
13,Etidocaine,37497,-0.47,-0.26,CCCN(CC)C(CC)C(=O)NC1=C(C=CC=C1C)C,12.570516817838246,-0.04263321995464908,12.570516817838246,0.04263321995464908,0.8222609245677037,276.42400000000004,248.19999999999996,276.220163516,112,0,0.24123346251927633,-0.3242351100107811,0.3242351100107811,0.24123346251927633,1.2,1.8,2.25,2.8685736011754854,422.36618636549065,15.120955864630139,13.493290087468516,13.493290087468516,9.544442517708895,7.657039271487379,7.657039271487379,5.308695396550115,5.308695396550115,3.7764473162031527,3.7764473162031527,2.649100610689614,2.649100610689614,-1.35,23445.721006384592,16.70361930294906,8.052659546017468,4.07094741807237,122.91698433171483,5.316788604006331,0.0,0.0,5.907179729351506,0.0,0.0,9.694446914922299,0.0,0.0,0.0,38.970312804456704,50.9055334404524,5.687386274683562,6.041840829147961,4.794537184071822,11.594566004035068,0.0,4.899909730850478,0.0,53.50217007345309,18.406301415831482,29.32600418877882,0.0,0.0,5.316788604006331,5.687386274683562,0.0,0.0,29.938443101175096,4.794537184071822,13.847474399381248,44.73975782831788,18.19910120538483,0.0,0.0,0.0,32.34,0.0,4.794537184071822,0.0,11.949020558499466,0.0,42.74544531575472,0.0,0.0,32.046575604766076,30.98790993392868,0.0,0.0,0.0,14.823433484504914,3.1221022297808014,3.1962848534475525,0.11129629629629623,6.048093427185688,1.908347899344923,12.290441809439825,0.0,0.5882352941176471,20,1,3,0,0,0,1,0,1,2,1,3,7,0,0,0,1,3.7524400000000027,86.16270000000006,0,0,0,0,0,0,0,0,0,0,1,1,0,0,0,1,1,0,0,1,0,0,0,0,0,0,0,1,0,1,2,0,0,0,1,0,0,0,0,0,0,0,0,0,0,0,0,0,0,0,0,0,0,0,0,0,0,0,0,0,0,0,0,0,1,0,0,0,0,0,0,0,0,0,0,0,0,0,0,0,0,0,0,0,0
14,Buprenorphine,2476,-0.46,-0.45,CC(C)(C)C(C)(C1CC23CCC1(C4C25CCN(C3CC6=C5C(=C(C=C6)O)O4)CC7CC7)OC)O,12.194759175275049,-0.9086152053413956,12.194759175275049,0.029393424036281646,0.6867380225667049,467.65000000000026,426.32200000000023,467.3035587919999,186,0,0.16524095502214256,-0.5042466597391788,0.5042466597391788,0.16524095502214256,1.1470588235294117,1.911764705882353,2.588235294117647,1.474172998674526,1056.9457048800475,23.888540578131746,21.48620001324428,21.48620001324428,16.016587629811113,13.553134539386747,13.553134539386747,13.79486419769349,13.79486419769349,11.856819890287957,11.856819890287957,9.580256519994677,9.580256519994677,-1.3,83988563.28399241,21.940390200909402,6.330274445991157,2.250287558095378,203.36547646305274,19.68678069728151,11.70501719873199,11.49902366656781,0.0,0.0,0.0,4.899909730850478,0.0,0.0,0.0,26.83757866753348,81.37696004180205,42.00773325299002,5.601050810983688,19.68678069728151,0.0,0.0,4.899909730850478,22.665793031116344,101.40359946750502,20.199310353102682,23.259637120317212,0.0,11.49902366656781,4.736862953800049,0.0,11.49902366656781,0.0,58.6601837124982,16.57267504612284,22.665793031116344,77.34678151971256,12.13273413692322,0.0,0.0,0.0,62.16000000000001,11.202101621967376,10.213054789681411,0.0,34.01635567538394,11.791352662431866,44.56677056670401,30.513302635158585,0.0,20.099901809429767,31.73748839838396,9.473725907600098,13.455822494121108,0.0,2.821183390022676,23.157680023041,0.7827245002939462,1.8023116522843707,4.460350135424539,7.63507901651886,10.805137723694724,1.829711064598781,0.7931034482758621,34,2,5,5,2,7,1,0,1,5,2,5,4,4,1,5,8,4.413800000000005,130.1996000000001,0,1,0,0,0,0,0,1,0,0,0,0,0,0,0,1,0,0,0,0,1,0,0,0,0,0,0,0,0,0,0,0,0,0,1,0,2,0,0,0,0,2,0,0,0,0,0,0,0,0,0,0,0,0,0,1,0,0,0,0,0,0,0,0,0,1,1,0,0,1,0,0,0,0,0,0,0,0,0,0,0,0,0,0,0
15,Oxprenolol,4631,-0.43,-0.19,CC(C)NCC(COC1=CC=CC=C1OCC=C)O,9.781851300705467,-0.5464255270009242,9.781851300705467,0.23033989984882863,0.6704564525308724,265.35299999999995,242.16899999999995,265.167793596,106,0,0.16114934528189576,-0.4869504520559355,0.4869504520559355,0.16114934528189576,1.263157894736842,1.894736842105263,2.473684210526316,2.4490008122380638,379.4083655141889,14.08757566981053,11.633589185501258,11.633589185501258,9.1302289553358,6.501069944013067,6.501069944013067,4.5741909906463425,4.5741909906463425,2.3987946023461695,2.3987946023461695,1.4539970405321787,1.4539970405321787,-1.52,16163.43454654008,15.537208237986269,8.55914859086795,6.267554887410069,114.59746551170002,19.897041906447136,19.31773031677414,11.49902366656781,0.0,0.0,0.0,0.0,0.0,0.0,0.0,38.63516432673684,12.13273413692322,12.586597235060536,0.0,14.580253302440804,0.0,0.0,5.316788604006331,0.0,25.993281616277514,19.75852033493841,36.92042406427882,0.0,11.49902366656781,14.790514511606428,0.0,11.49902366656781,0.0,37.01085494667538,0.0,0.0,13.847474399381248,36.92042406427882,0.0,0.0,0.0,50.72,6.103966387748303,5.106527394840706,0.0,6.606881964512918,30.692502866141265,0.0,0.0,6.076020106833881,38.112942673227685,11.895724287604828,9.473725907600098,11.055450312841185,0.0,0.0,12.937754027728325,0.0,1.2910793545813388,7.743533069347012,1.1323283199617973,8.839854915540341,0.0,0.4666666666666667,19,2,4,0,0,0,1,0,1,4,2,4,9,0,0,0,1,1.9891,76.77450000000003,0,1,1,0,0,0,0,0,0,0,0,0,0,0,0,0,1,0,0,0,0,0,0,0,0,0,0,0,0,0,0,0,0,0,1,0,0,0,0,0,0,2,0,0,0,0,0,0,0,0,0,0,0,0,0,0,0,0,0,0,0,0,0,0,2,0,0,0,0,0,0,0,0,0,0,0,0,0,0,0,0,0,0,0,0
16,Didanosine,3043,-0.42,0.06,C1CC(OC1CO)N2C=NC3=C2NC=NC3=O,11.439664981733433,-0.3525878422356594,11.439664981733433,0.015084404132023277,0.7521450742487875,236.231,224.135,236.090940244,90,0,0.3003160299737121,-0.3936764802090397,0.3936764802090397,0.3003160299737121,1.5294117647058822,2.411764705882353,3.176470588235294,2.0160134417522895,590.4936898575354,11.828062645816686,9.036072383245704,9.036072383245704,8.292024997884273,5.458792390264785,5.458792390264785,4.029407998193112,4.029407998193112,2.978406832971967,2.978406832971967,2.1177086851527527,2.1177086851527527,-1.7300000000000002,16439.15387566651,10.425630003932902,3.935096028973356,1.6331195862845582,96.07932400188179,14.827368869587964,11.875078391502598,5.516700717616262,0.0,0.0,5.559266895052008,9.361636831863176,4.9839785209472085,4.9839785209472085,0.0,0.0,12.841643245852019,0.0,25.365488501790303,9.843390348640755,11.16387793838399,0.0,19.51903521063298,0.0,25.173510804335194,6.606881964512918,23.008444228652912,0.0,0.0,5.559266895052008,0.0,0.0,0.0,37.33641095773491,4.736862953800049,0.0,19.06954441658689,17.449177333600904,0.0,11.16387793838399,0.0,93.03,0.0,4.794537184071822,0.0,24.4980164180481,11.16387793838399,12.841643245852019,6.3273200747645415,10.894419722555895,0.0,14.951935562841626,9.843390348640755,7.405349584278156,0.0,21.974982442050894,9.021015815276728,0.5614290700848246,0.0,0.0,4.18880535084404,0.015084404132023277,0.0,0.5,17,2,7,0,1,1,0,2,2,6,2,7,2,0,1,1,3,-0.21050000000000008,58.37850000000002,0,1,1,0,0,4,1,0,0,0,0,0,0,0,0,3,1,0,0,0,0,1,0,0,0,0,0,0,0,0,0,0,0,0,0,0,1,0,0,0,0,1,0,0,0,0,0,1,0,0,0,0,0,0,0,0,0,0,0,0,0,0,0,0,0,0,0,0,0,0,0,0,0,0,0,0,0,0,0,0,0,0,0,0,0
17,Norbuprenorphine,114976,-0.31,-0.34,C[C@]([C@H]1C[C@@]23CC[C@@]1([C@H]4[C@@]25CCN[C@@H]3CC6=C5C(=C(C=C6)O)O4)OC)(C(C)(C)C)O,11.966629424918116,-0.9099271305744523,11.966629424918116,0.016018518518518654,0.6940770753694785,413.55800000000016,378.27800000000013,413.25660859999994,164,0,0.16524095158496424,-0.5042466597392001,0.5042466597392001,0.16524095158496424,1.1666666666666667,1.9333333333333333,2.6333333333333333,1.6451047294786831,935.8116934609651,21.31962647737941,18.840315804995058,18.840315804995058,14.050261134622325,11.579963771402406,11.579963771402406,11.84746459876694,11.84746459876694,10.383080280448398,10.383080280448398,8.525426595877418,8.525426595877418,-1.3,7508133.286297888,19.390170733210642,5.359507828763274,1.7741371556997974,178.70156767240022,25.00356930128784,11.70501719873199,11.49902366656781,0.0,0.0,0.0,0.0,0.0,0.0,0.0,26.83757866753348,62.61741074978862,35.46297684707744,5.601050810983688,19.68678069728151,0.0,0.0,5.316788604006331,16.747886984954953,88.56195622165295,13.65455394719011,23.259637120317212,0.0,11.49902366656781,10.05365155780638,0.0,11.49902366656781,0.0,47.215517575735156,16.57267504612284,16.747886984954953,64.50513827386051,12.13273413692322,0.0,0.0,0.0,70.95,11.202101621967376,10.213054789681411,0.0,34.01635567538394,11.791352662431866,38.64886452054262,11.126902983393991,13.176164609739143,6.923737199690624,32.15436727153981,9.473725907600098,13.209677343159488,0.0,0.0,26.605938720395564,0.6577728568279169,0.8873369787729907,4.257227340010077,4.663540958049886,9.334377873834718,1.8007945956160243,0.76,30,3,5,4,2,6,1,0,1,5,3,5,2,3,1,4,7,3.2914000000000025,113.90530000000007,0,1,0,0,0,0,0,1,0,0,0,0,0,0,0,0,1,0,0,0,0,0,0,0,0,0,0,0,0,0,0,0,0,0,1,0,2,0,0,0,0,2,0,0,0,0,0,0,0,0,0,0,0,0,0,1,0,0,0,0,0,0,0,0,0,1,1,0,0,1,0,0,0,0,0,0,0,0,0,0,0,0,0,0,0
18,Clindamycin,2786,-0.3,-0.27,CCCC1CC(N(C1)C)C(=O)NC(C2C(C(C(C(O2)SC)O)O)O)C(C)Cl,12.900963325144875,-1.3619375064202812,12.900963325144875,0.14748488284202543,0.4382730169795818,424.9910000000001,391.7270000000001,424.17987083599996,158,0,0.23721736515719324,-0.3875084408731224,0.3875084408731224,0.23721736515719324,1.3333333333333333,2.0,2.5555555555555554,2.094099659349725,498.3724409623958,20.30060042939172,16.41614327385348,17.98856880079966,12.704815018005775,9.578734509045027,11.303071391235772,7.734255416479905,9.358687649788191,5.630970274445806,6.75701471757682,4.1133872348697516,4.999021620212109,-0.09000000000000008,784871.9832588409,23.191500616007254,10.093723701555763,5.291161799986219,170.32544535771044,25.373233742328495,29.851863922562295,0.0,5.907179729351506,0.0,0.0,9.694446914922299,0.0,0.0,23.36282483962363,13.344558822616634,38.98672765789263,6.544756405912575,17.460769526501647,24.85098232239399,29.27000456897514,0.0,10.216698334856808,5.917906046161393,80.42257271722319,19.84819757210117,0.0,0.0,0.0,5.316788604006331,0.0,0.0,23.36282483962363,93.2875026658892,9.53140013787187,5.917906046161393,33.10993926815928,0.0,0.0,0.0,0.0,102.26000000000002,41.27079261991598,20.11411936859394,0.0,11.949020558499466,5.917906046161393,25.807221274690605,11.761884949391115,13.179506383202028,11.947581713527669,12.240525803696954,16.337802844032566,5.794234216260731,7.548110585943435,14.949648342361638,33.024404647343616,-0.7024930619758367,0.3497252764104317,-0.9336548878810789,-0.09796415605099051,4.7397555003587515,1.9393446483404095,0.9444444444444444,27,4,7,0,2,2,0,0,0,7,4,9,7,0,2,2,2,0.3895000000000021,106.87510000000006,0,3,3,0,0,0,0,0,0,0,1,1,0,0,0,1,1,0,0,1,1,0,0,0,0,1,0,1,0,0,0,0,0,0,0,0,0,0,0,0,0,1,0,0,1,0,0,0,0,0,0,0,0,0,0,0,0,0,0,0,0,0,0,0,0,0,0,0,0,0,0,0,0,0,0,1,0,0,0,0,0,0,0,0,0
19,Lidocaine,3676,-0.26,-0.2,CCN(CC)CC(=O)NC1=C(C=CC=C1C)C,11.89231859410431,0.06120370370370365,11.89231859410431,0.06120370370370365,0.8489671904749567,234.343,212.16699999999994,234.173213324,94,0,0.23806613187559775,-0.324484604945174,0.324484604945174,0.23806613187559775,1.1764705882352942,1.7058823529411764,2.176470588235294,2.6802676560474934,363.55864155890856,12.836498814253964,11.208833037092342,11.208833037092342,8.078917360319544,6.164591332105107,6.164591332105107,4.276374970349688,4.276374970349688,3.007185260971884,3.007185260971884,1.8408792833076064,1.8408792833076064,-1.35,5511.135253173818,13.713897763578274,6.4012209135305955,3.858200815473424,103.82215798852502,5.316788604006331,0.0,0.0,5.907179729351506,0.0,0.0,9.694446914922299,0.0,0.0,0.0,32.046575604766076,38.06389019460039,5.687386274683562,6.544756405912575,4.794537184071822,11.594566004035068,0.0,4.899909730850478,0.0,27.694948798762496,24.951057821744055,29.32600418877882,0.0,0.0,5.316788604006331,5.687386274683562,0.0,0.0,30.44135867793971,4.794537184071822,13.847474399381248,24.974377382775238,18.19910120538483,0.0,0.0,0.0,32.34,0.0,4.794537184071822,0.0,5.907179729351506,6.544756405912575,29.903802069902703,0.0,0.0,32.046575604766076,24.064172734238056,0.0,0.0,0.0,13.9924574829932,2.9969907407407406,3.167083333333334,0.06120370370370365,6.032499685059208,0.0,10.416431720836481,0.0,0.5,17,1,3,0,0,0,1,0,1,2,1,3,5,0,0,0,1,2.5837400000000006,72.33370000000004,0,0,0,0,0,0,0,0,0,0,1,1,0,0,0,1,1,0,0,1,0,0,0,0,0,0,0,1,0,1,2,0,0,0,1,0,0,0,0,0,0,0,0,0,0,0,0,0,0,0,0,0,0,0,0,0,0,0,0,0,0,0,0,0,1,0,0,0,0,0,0,0,0,0,0,0,0,0,0,0,0,0,0,0,0
20,Clonazepam,2802,-0.23,-0.33,C1C(=O)NC2=C(C=C(C=C2)[N+](=O)[O-])C(=N1)C3=CC=CC=C3Cl,11.74134054547745,-0.48887566137566196,11.74134054547745,0.06643439783320737,0.682474275950086,315.716,305.63599999999997,315.04106886,110,0,0.2697570973628335,-0.3238334258325958,0.3238334258325958,0.2697570973628335,1.1818181818181819,1.9545454545454546,2.6818181818181817,2.233599180243165,817.430013234153,15.689869965382487,11.245695200914662,12.001624146933118,10.558550648063802,6.440633646418936,6.818598119428164,4.679853688351675,5.087053815092281,3.2529341739387485,3.582522394978794,2.2599967578887137,2.4852334053314955,-2.7299999999999995,116788.42196198899,14.217519400971987,5.572723046505113,2.5586032534213317,130.14044123411497,5.316788604006331,6.544756405912575,0.0,5.907179729351506,5.687386274683562,0.0,19.901260185473063,0.0,0.0,0.0,29.800041095617345,12.13273413692322,28.28227043405854,16.322382326271935,9.717848232889493,34.59457717172185,0.0,0.0,4.992404732635669,0.0,11.861545009918906,68.72842404513216,0.0,0.0,5.316788604006331,11.374772549367124,0.0,11.600939890232516,23.08693218685245,4.794537184071822,10.114318268765572,11.126902983393991,47.45697421186694,5.022633313741326,0.0,0.0,84.6,4.923311048817671,14.908855452837393,0.0,18.139322409947642,27.54860757458958,0.0,18.19910120538483,24.26546827384644,0.0,10.309193336642,11.600939890232516,0.0,6.196042174071273,26.526502643752977,14.153697387391171,1.9718860229276907,-0.2804105253212392,11.276494472789114,0.0,-0.06643439783320737,0.0,0.06666666666666667,22,1,6,0,1,1,2,0,2,4,1,7,2,0,0,0,3,3.037700000000002,83.68410000000002,0,0,0,0,0,0,0,0,0,0,1,1,0,0,1,2,1,0,0,0,0,0,0,0,0,0,0,1,0,1,0,0,0,0,2,1,1,0,0,0,0,0,0,0,1,0,0,0,0,0,0,0,0,0,0,0,0,0,1,1,1,0,0,0,0,0,0,0,0,0,0,0,0,0,0,0,0,0,0,0,0,0,0,0,0
21,Flecainide,3356,-0.2,-0.33,C1CCNC(C1)CNC(=O)C2=C(C=CC(=C2)OCC(F)(F)F)OCC(F)(F)F,12.412735771073162,-4.633711059046106,12.412735771073162,0.015653309099376678,0.6715843719947417,414.346,394.186,414.13781181999997,158,0,0.4220670275888739,-0.4841012148196178,0.4841012148196178,0.4220670275888739,1.0714285714285714,1.75,2.357142857142857,2.106626262239118,657.2732946561475,20.786246282559798,14.751680254511287,14.751680254511287,13.033606621681471,8.581035273521321,8.581035273521321,6.32252562772966,6.32252562772966,3.9108823292702266,3.9108823292702266,2.6362734967846984,2.6362734967846984,-2.17,927019.4935257063,22.12261696447685,9.351688303824279,7.829161513005718,156.92148456816145,20.10730311561276,11.49902366656781,13.213763929025836,0.0,5.907179729351506,12.35259703488695,4.794537184071822,0.0,26.34249028604892,0.0,6.4208216229260096,37.58550085714943,12.586597235060536,5.563451491696996,40.61075337772084,5.907179729351506,0.0,10.633577208012662,0.0,37.65690273281294,26.303276740850986,23.762552697081826,0.0,11.49902366656781,20.10730311561276,26.34249028604892,11.49902366656781,0.0,50.6048943342374,0.0,0.0,29.620453544546844,18.19910120538483,0.0,0.0,0.0,59.59,37.223052526548194,31.137027470120742,0.0,23.899560560041436,0.0,44.00632248007543,0.0,0.0,0.0,20.10730311561276,0.0,83.32700890975106,0.0,12.40812677154195,5.75477945002228,-0.3335796957671959,-1.467204900478709,2.935512581320662,-6.411797775878989,-2.21284534051106,0.0,0.5882352941176471,28,2,5,0,1,1,1,0,1,4,2,11,7,0,1,1,2,3.4407000000000014,87.51690000000005,0,0,0,0,0,0,0,0,0,0,1,1,0,0,0,0,2,0,0,0,0,0,0,0,0,6,0,1,0,0,0,0,0,0,1,0,0,0,0,0,0,2,0,0,6,0,0,0,0,0,0,0,0,0,0,0,0,0,0,0,0,0,0,0,0,0,0,0,0,1,0,0,0,0,0,0,0,0,0,0,0,0,0,0,0
22,Nevirapine,4463,-0.17,-0.16,CC1=C2C(=NC=C1)N(C3=C(C=CC=N3)C(=O)N2)C4CC4,12.403475056689343,-0.11703703703703683,12.403475056689343,0.11703703703703683,0.861716125086419,266.30400000000003,252.19199999999998,266.116761068,100,0,0.259040848923194,-0.3184743028957275,0.3184743028957275,0.259040848923194,1.2,2.0,2.8,2.001838909708102,708.7697433173412,13.689869965382487,11.12820425447459,11.12820425447459,9.75402019542349,6.766994855590684,6.766994855590684,5.256326351105966,5.256326351105966,3.777533228333562,3.777533228333562,2.607004373620301,2.607004373620301,-2.43,110375.65615940165,11.401137803518536,4.030422454929436,1.5916576426488964,116.21205950623377,10.216698334856808,5.817862777835028,5.817862777835028,0.0,5.907179729351506,0.0,4.794537184071822,9.967957041894417,0.0,0.0,0.0,43.52793314262446,18.435527972374114,11.250837766380558,4.794537184071822,23.230291559705122,0.0,9.967957041894417,0.0,25.807221274690605,10.216698334856808,41.71969133200497,0.0,0.0,10.216698334856808,17.323111830353618,0.0,0.0,21.916977600393885,0.0,6.923737199690624,28.763083413317833,30.59278834861098,0.0,0.0,0.0,58.120000000000005,0.0,4.794537184071822,0.0,5.907179729351506,17.423155098679985,29.910343790067607,0.0,18.460054211687762,19.056471336613843,20.184655376751223,0.0,0.0,0.0,23.423495842781556,2.9763888888888888,2.417598261526833,1.399305555555556,5.908469387755101,5.726640211640211,1.9814351851851852,0.0,0.26666666666666666,20,1,5,1,1,2,0,2,2,4,1,5,1,1,0,1,4,2.6512200000000004,76.32520000000002,0,0,0,0,0,2,0,0,0,0,1,1,0,0,0,3,1,0,0,0,0,0,0,0,0,0,0,1,0,3,1,0,0,0,0,0,2,0,0,0,0,0,0,0,0,0,0,0,0,0,0,0,0,0,0,0,0,0,0,0,0,0,0,0,0,0,0,0,0,0,0,0,0,2,0,0,0,0,0,0,0,0,0,0,0
23,Remifentanil,60815,-0.14,-0.33,CCC(=O)N(C1=CC=CC=C1)C2(CCN(CC2)CCC(=O)OC)C(=O)OC,12.834318004609763,-1.036744142101285,12.834318004609763,0.1161011455776062,0.6777330392394071,376.45300000000015,348.2290000000001,376.1998219959999,148,0,0.33177167951935155,-0.46896010804419336,0.46896010804419336,0.33177167951935155,1.0740740740740742,1.7037037037037037,2.2222222222222223,2.26881902206893,653.5957338215269,19.863596551749424,16.272167457573197,16.272167457573197,12.97872948234613,9.238624944470436,9.238624944470436,6.609190868320632,6.609190868320632,5.102682443395764,5.102682443395764,3.572015622653376,3.572015622653376,-2.41,1016271.5006639081,20.89651383122284,9.503956212463427,4.657355909163623,159.7660856670721,14.373635638450576,5.538925252383345,0.0,5.907179729351506,0.0,11.938610575903699,14.48898409899412,4.794537184071822,0.0,0.0,25.122838405075452,24.97437738277524,31.7424771153473,20.640416705481076,23.857337459815565,23.533176579938768,0.0,4.899909730850478,0.0,38.14594894377801,38.75377403114327,30.33183534230805,0.0,0.0,4.899909730850478,5.687386274683562,0.0,0.0,62.13848958878182,23.857337459815565,0.0,32.60702369139466,30.33183534230805,0.0,0.0,0.0,76.15000000000002,11.508230540335195,14.383611552215466,0.0,11.876485017303356,51.004941984125324,0.0,14.219595082555067,11.823646930541102,30.33183534230805,9.636772684650527,4.736862953800049,9.802870183694655,0.0,40.748696423482976,0.0,-0.34437306545666957,-0.7756858926740773,9.24164441894285,1.4867741154848835,3.5323157934738028,2.7244246897182505,0.55,27,0,7,0,1,1,1,0,1,6,0,7,7,0,1,1,2,2.0002999999999997,101.27300000000007,0,0,0,0,0,0,0,0,0,0,3,3,0,0,0,2,0,0,0,0,1,0,0,0,0,0,0,1,0,1,0,0,0,0,1,0,0,0,0,0,2,2,0,0,0,0,0,0,0,0,0,0,0,0,0,2,0,0,0,0,0,0,0,0,1,0,0,0,0,1,0,0,0,0,0,0,0,0,0,0,0,0,0,0,0
24,Ethambutol,3279,-0.12,-0.13,CCC(CO)NCCNC(CC)CO,8.903974867724868,0.18820074326026703,8.903974867724868,0.18820074326026703,0.3896708755641931,204.314,180.12199999999999,204.183778008,86,0,0.05840349110550407,-0.394756541371097,0.394756541371097,0.05840349110550407,0.8571428571428571,1.2142857142857142,1.4285714285714286,3.3484664662044645,100.68962577754574,10.811554787871634,9.291768416498455,9.291768416498455,6.7779168675293695,5.4641193066383975,5.4641193066383975,3.483740093179052,3.483740093179052,2.4173970390201447,2.4173970390201447,1.2285593269768238,1.2285593269768238,-0.16,1217.4544478876123,13.84,9.3971519262254,6.31745947791719,86.71192192900713,20.846631997694075,0.0,0.0,0.0,0.0,0.0,0.0,0.0,0.0,0.0,13.847474399381248,12.841643245852019,25.17319447012107,13.213763929025836,10.213054789681411,0.0,0.0,10.633577208012662,0.0,38.77279930352919,26.303276740850986,0.0,0.0,0.0,10.633577208012662,0.0,0.0,0.0,48.600013188828314,0.0,0.0,26.689117645233267,0.0,0.0,0.0,0.0,64.52,0.0,0.0,0.0,25.297445587321757,0.0,25.93115605767717,0.0,0.0,13.847474399381248,10.633577208012662,10.213054789681411,0.0,0.0,0.0,24.264945200302343,0.0,0.0,0.40000566893423994,1.876401486520534,6.125314310909549,0.0,1.0,14,4,4,0,0,0,0,0,0,4,4,4,9,0,0,0,0,-0.292599999999999,58.33500000000005,0,2,2,0,0,0,0,0,0,0,0,0,0,0,0,0,2,0,0,0,0,0,0,0,0,0,0,0,0,0,0,0,0,0,0,0,0,0,0,0,0,0,0,0,0,0,0,0,0,0,0,0,0,0,0,0,0,0,0,0,0,0,0,0,0,0,0,0,0,0,0,0,0,0,0,0,0,0,0,0,0,0,0,1,0
25,Nifedipine,4485,-0.11,-0.24,CC1=C(C(C(=C(N1)C)C(=O)OC)C2=CC=CC=C2[N+](=O)[O-])C(=O)OC,12.340656651549509,-0.9696759259259264,12.340656651549509,0.1275925925925927,0.5055052971214054,346.3390000000001,328.1950000000001,346.11648629599995,132,0,0.33597830173148835,-0.4655800306723669,0.4655800306723669,0.33597830173148835,1.04,1.52,1.96,2.803490087611988,771.1110283918142,18.72325016020209,14.283454684231268,14.283454684231268,11.82780492029403,7.415124004249607,7.415124004249607,5.434451728861826,5.434451728861826,4.01543539399127,4.01543539399127,2.9639806125237667,2.9639806125237667,-3.16,291739.89613473933,18.18259494971491,7.163418786222467,3.232043293699175,143.8137017251711,14.790514511606428,0.0,0.0,0.0,5.687386274683562,11.938610575903699,10.114318268765572,9.589074368143644,0.0,0.0,18.19910120538483,13.847474399381248,23.023897186270272,36.20702123767266,23.98611132456141,17.625996850587264,0.0,5.316788604006331,0.0,19.76538044554264,14.219595082555067,62.48352572055921,0.0,0.0,5.316788604006331,5.687386274683562,0.0,0.0,31.08151670727644,19.06280027574374,10.114318268765572,25.328831937239634,46.80575596009664,0.0,0.0,0.0,107.77,22.77982767088276,19.703392636909214,0.0,22.39704682651909,11.394078626111666,0.0,32.418696287939895,19.913841467842857,0.0,5.316788604006331,9.473725907600098,9.655559334845048,0.0,35.57659005731922,14.391040406903503,1.1918650793650805,-2.3269831821617544,5.96895667989418,0.0,3.288860544217687,2.4207777462836986,0.29411764705882354,25,1,8,0,1,1,1,0,1,7,1,8,4,0,0,0,2,2.1756,88.40510000000003,0,0,0,0,0,0,0,0,0,0,2,2,0,0,0,1,1,0,0,0,0,0,0,0,0,0,2,0,0,0,0,0,0,0,1,0,0,0,1,0,2,2,0,0,0,0,0,0,0,0,0,0,0,0,0,2,0,0,1,1,0,0,0,0,1,0,0,0,0,0,0,0,0,0,0,0,0,0,0,0,0,0,0,0,0
26,Acebutolol,1978,-0.1,-0.19,CCCC(=O)NC1=CC(=C(C=C1)OCC(CNC(C)C)O)C(=O)C,11.822072695622479,-0.670239188204105,11.822072695622479,0.08486161150257487,0.5710137425129463,336.4320000000001,308.208,336.20490737599994,134,0,0.22385845251294295,-0.49007957401745683,0.49007957401745683,0.22385845251294295,1.2916666666666667,2.0,2.5833333333333335,2.7300914999194297,557.949784082855,18.11251969619286,14.887136937585868,14.887136937585868,11.328606258093465,8.321366148025241,8.321366148025241,6.093077728728182,6.093077728728182,3.3126242824908747,3.3126242824908747,2.0759200164706675,2.0759200164706675,-1.9200000000000002,131163.9839691785,20.125289855072463,10.050998753143157,7.103162169389493,143.14125604126278,20.476967556653413,18.460360185545127,5.783244946364939,5.907179729351506,0.0,0.0,9.589074368143644,0.0,0.0,0.0,20.771211599071872,31.54366002800146,24.69480513267011,5.563451491696996,19.4324647167844,17.377810950400008,0.0,5.316788604006331,0.0,52.68239926151078,18.468426974431825,23.762552697081826,0.0,5.749511833283905,15.37044016181271,5.687386274683562,5.749511833283905,0.0,42.09439765787891,4.794537184071822,0.0,50.89458072038333,18.19910120538483,0.0,0.0,0.0,87.66,6.103966387748303,14.69560176298435,0.0,24.339147469377323,29.965927628503046,6.4208216229260096,6.923737199690624,18.19910120538483,20.771211599071872,10.633577208012662,4.736862953800049,5.576467387881079,0.0,23.47522497492163,15.766018602858498,0.9456853222234718,0.15446815558641358,5.205845560646315,0.5218187289576668,7.854471266924925,0.0,0.5555555555555556,24,3,6,0,0,0,1,0,1,5,3,6,10,0,0,0,1,2.3655,94.62470000000005,0,1,1,0,0,0,0,0,0,0,2,2,0,0,0,0,2,0,0,0,0,0,0,0,0,0,0,1,0,1,0,0,0,0,1,0,0,0,0,0,0,1,0,0,0,0,0,0,0,0,0,1,1,0,0,0,0,0,0,0,0,0,0,0,0,0,0,0,0,0,0,0,0,0,0,0,0,0,0,0,0,0,0,0,0
27,Clonidine,2803,-0.05,-0.13,C1CN=C(N1)NC2=C(C=CC=C2Cl)Cl,5.978227198286721,0.5915740740740745,5.978227198286721,0.5915740740740745,0.7764264211073744,230.09799999999998,221.02599999999998,229.01735264799999,74,0,0.19550187313429804,-0.3542539915323884,0.3542539915323884,0.19550187313429804,1.2857142857142858,2.0,2.5714285714285716,2.229635583266151,356.0698580865507,9.966255326250886,7.349406911460385,8.861264803497294,6.770856947829098,4.26536936322561,5.021298309244066,2.8787628582036415,3.693163111684853,1.8803299545141319,2.5102707428628444,1.2172706962057955,1.7092064959239035,-0.9299999999999997,2573.3051524688713,9.6183800411083,4.067252415616685,1.9375565261202397,92.1219776159971,10.633577208012662,0.0,5.959554568743835,0.0,0.0,0.0,4.992404732635669,0.0,0.0,0.0,29.268246848926644,12.13273413692322,6.544756405912575,22.27740930807879,0.0,34.84882062389243,0.0,5.316788604006331,4.992404732635669,0.0,18.406301415831482,28.244367832867482,0.0,0.0,10.633577208012662,5.687386274683562,0.0,23.20187978046503,19.049067380568985,0.0,0.0,0.0,23.191505938020498,10.045266627482652,0.0,0.0,36.42,0.0,0.0,0.0,0.0,15.732652902166215,19.049067380568985,0.0,18.19910120538483,0.0,15.62598194064833,23.20187978046503,0.0,11.956454396573442,4.190346434870245,7.3166701310153694,0.6981327160493831,0.7222222222222225,5.371322908793147,0.0,1.6337400793650794,0.0,0.2222222222222222,14,2,3,0,1,1,1,0,1,3,2,5,1,0,0,0,2,2.3645000000000005,60.389400000000016,0,0,0,0,0,0,0,0,0,0,0,0,0,0,1,1,2,0,0,0,0,0,0,0,0,0,0,0,0,1,0,0,0,0,1,0,0,0,0,0,0,0,0,1,2,0,0,0,0,0,0,0,0,0,0,0,0,0,0,0,0,0,0,0,1,0,0,0,0,0,0,0,0,0,0,0,0,0,0,0,0,0,0,0,0
28,Ticarcillin,5471,-0.04,-0.13,CC1(C(N2C(S1)C(C2=O)NC(=O)C(C3=CSC=C3)C(=O)O)C(=O)O)C,12.413533320735702,-1.400200039892501,12.413533320735702,0.34856104864785475,0.5000831278778665,384.4350000000001,368.3070000000002,384.0449782319999,134,0,0.3273993847027013,-0.48039845298335093,0.48039845298335093,0.3273993847027013,1.32,2.0,2.52,1.7671216934608434,747.2125440256156,18.516143379015546,13.332582413610435,14.965575575465888,11.647571592645157,7.429688558110449,9.252150410947406,6.4123388504060355,8.963257304125928,4.358347382116034,6.631343871179008,3.22735648450223,5.538807778522389,-2.07,330222.7582531646,17.743396644177704,6.025297123083352,2.7846049474565744,150.74182912495644,20.42975312453822,17.45755447126466,5.917906046161393,11.814359458703011,0.0,11.938610575903699,14.383611552215466,4.794537184071822,11.336785877934737,11.761884949391115,0.0,36.237418500471684,4.747022453217559,0.0,29.3912035259687,46.85164086193256,0.0,10.216698334856808,0.0,41.96995737002486,0.0,22.389944101090435,0.0,0.0,5.316788604006331,0.0,0.0,23.098670827325854,61.07051147962081,19.178148736287287,0.0,25.328831937239638,16.82649260939344,0.0,0.0,0.0,124.01,51.87545300525032,29.3912035259687,0.0,0.0,5.563451491696996,0.0,27.99858055817633,30.67396700877469,0.0,5.316788604006331,0.0,-0.7031795634920635,2.562334639166349,48.92110652906964,23.921134487222602,0.34856104864785475,-5.07934666671612,-0.34431127199119715,0.0,3.4570341314262674,0.0,0.4666666666666667,25,3,8,0,2,2,0,1,1,6,3,10,5,0,2,2,3,0.5479999999999997,90.35430000000005,2,0,0,0,0,0,0,0,2,2,4,2,0,0,0,1,1,0,0,0,0,0,0,0,0,0,0,2,0,0,0,0,0,0,0,0,1,0,0,0,0,0,0,0,0,0,0,0,0,0,0,0,0,1,0,0,0,0,0,0,0,0,0,0,0,0,0,0,0,0,0,0,0,0,0,1,0,0,0,0,0,0,1,0,0
29,Lamivudine,3877,-0.03,0.17,C1C(OC(S1)CO)N2C=CC(=NC2=O)N,11.442129157218442,-0.4313057445200299,11.442129157218442,0.057224033131770824,0.7038615838122525,229.261,218.17299999999997,229.052112212,82,0,0.35114912918772,-0.39275837743683834,0.39275837743683834,0.35114912918772,1.8,2.6,3.2,2.204299752254941,408.36352218380654,10.836498814253963,7.867350566212688,8.683847147140416,7.202708600407234,4.4305321832250755,5.479286973205732,3.078449863232955,4.2708999529628295,2.044408921108563,3.153980306320946,1.3300631676724364,2.260750879073291,-1.05,3818.107941542383,10.467220165322534,4.213446893102682,2.137865937402115,90.06690967616711,15.577057825802939,17.48176232013898,0.0,0.0,0.0,5.689743398203474,4.567099647791355,4.794537184071822,4.9839785209472085,11.761884949391115,0.0,6.06636706846161,11.949697178359866,6.606881964512918,9.843390348640755,17.57974772722614,0.0,9.551078168738563,0.0,11.663899542303952,18.09340304842189,22.74749122234998,0.0,0.0,11.423410875365658,5.817862777835028,0.0,11.761884949391115,32.45333950640806,4.736862953800049,0.0,6.22790117073487,17.057747824146507,0.0,0.0,0.0,90.36999999999999,5.689743398203474,4.794537184071822,0.0,24.0886442846519,5.752853606746789,0.0,16.32898459718247,12.263210640074686,0.0,4.9839785209472085,15.577057825802939,6.786462585034014,1.467232379062736,15.044570105820105,8.87527893256068,4.6734825365331325,0.8167649544385658,1.543352229780801,1.183413643235071,-0.057224033131770824,0.0,0.5,15,3,6,0,1,1,0,1,1,7,2,7,2,0,1,1,2,-0.5941000000000001,56.36320000000001,0,1,1,1,0,2,0,0,0,0,0,0,0,0,0,2,0,1,0,0,0,0,0,0,0,0,0,0,0,1,0,0,0,0,0,0,0,0,0,0,0,1,0,0,0,0,0,0,0,0,0,0,0,0,0,0,0,0,0,0,0,0,0,0,0,0,0,0,0,0,0,0,0,0,0,1,0,0,0,0,0,0,0,0,0
30,Chlorpyrifos,2730,-0.01,-0.2,CCOP(=S)(OCC)OC1=NC(=C(C=C1Cl)Cl)Cl,5.9376562106324,-2.918478835978836,5.9376562106324,0.05212962962963008,0.5483413192652408,350.5909999999999,339.50299999999993,348.926283882,102,0,0.38135594339529894,-0.4039620319976707,0.4039620319976707,0.38135594339529894,1.1666666666666667,1.7222222222222223,2.2222222222222223,3.006125183376143,464.6162368766505,13.759148545064338,9.65287760344577,13.63158821342878,8.414832660707777,5.017495294338299,8.707427315056757,2.922028581870719,7.029481865631415,1.6272346318388393,4.972432894378645,1.0046270716835448,3.5945294102959977,0.38999999999999985,6946.3582813383655,16.44437737901033,7.246563253264823,4.494247868158743,125.74118203040851,4.5237471617118175,5.022633313741326,5.153109816892792,5.879988336435371,0.0,6.718607232363179,9.047494323423635,0.0,4.9839785209472085,0.0,34.802819670697545,19.913841467842857,11.806856088638648,18.23639724276716,13.571241485135452,53.328282991699375,0.0,4.9839785209472085,0.0,13.847474399381248,13.213763929025836,21.264743512837054,0.0,5.879988336435371,4.5237471617118175,0.0,5.879988336435371,41.52142690306073,18.197742449973045,20.85435041206228,0.0,13.847474399381248,6.06636706846161,15.198376444375445,0.0,0.0,40.58,6.718607232363179,0.0,0.0,21.078364780810816,13.213763929025836,0.0,6.06636706846161,13.847474399381248,0.0,4.9839785209472085,60.18091724447165,16.056113473167045,22.67465017076789,3.9021974993701183,0.49887303686907014,0.0,0.05212962962963008,1.421966805240615,0.0,1.3662916071778506,0.0,0.4444444444444444,18,0,4,0,0,0,0,1,1,5,0,9,6,0,0,0,1,4.718100000000002,77.43200000000002,0,0,0,0,0,1,0,0,0,0,0,0,0,0,0,1,0,0,0,0,0,0,0,0,0,0,0,0,0,0,0,0,0,0,0,0,0,0,0,0,0,0,0,0,3,0,0,0,0,0,0,0,0,0,0,0,0,0,0,0,0,0,0,0,0,0,0,0,0,0,0,0,0,1,0,0,0,0,0,0,0,0,0,0,0
31,Indomethacin,3715,-0.01,-0.26,CC1=C(C2=C(N1C(=O)C3=CC=C(C=C3)Cl)C=CC(=C2)OC)CC(=O)O,12.987203404509954,-0.9547112899593053,12.987203404509954,0.17023930251112795,0.7678065120522065,357.7930000000002,341.66500000000013,357.0767856719999,128,0,0.3074078016334054,-0.49674295951740394,0.49674295951740394,0.3074078016334054,1.16,1.84,2.44,2.232371733378278,973.2479304430422,18.137463722575188,13.745695200914664,14.501624146933118,11.917922655570505,7.62053801160924,7.998502484618467,5.665014130168133,6.1014499106401185,4.164153695808131,4.416130011147616,2.9470046898945004,3.072992847564243,-2.7899999999999996,468921.44290781184,17.04669994118993,6.607181634243952,3.1046664994872564,148.94809374556095,9.843390348640755,5.749511833283905,0.0,0.0,5.907179729351506,5.969305287951849,14.156174015934997,0.0,0.0,0.0,11.600939890232516,54.95175817061889,21.66623701475158,19.047319881819803,19.432464716784395,34.380349839616926,0.0,4.567099647791355,0.0,13.344558822616634,7.109797541277533,64.30803377121505,0.0,5.749511833283905,4.736862953800049,0.0,5.749511833283905,11.600939890232516,28.659909601212945,11.21535880699783,6.923737199690624,21.615368162314272,42.46456947923127,5.022633313741326,10.902924932081056,0.0,68.53,5.969305287951849,14.69560176298435,0.0,12.328001352277514,38.49590105734874,0.0,4.567099647791355,56.49810422019942,0.0,0.0,16.337802844032566,6.771390964635012,5.886218622440132,24.25277154793659,10.472007186275013,2.324916339478179,-0.5832270646754762,11.866282421404776,-0.17023930251112795,1.7485792845944963,1.5424111115335168,0.15789473684210525,25,1,5,0,0,0,2,1,3,4,1,6,4,0,0,0,3,3.9273200000000026,95.74730000000005,1,0,0,0,0,1,0,0,1,1,2,1,0,0,0,1,0,0,0,0,0,0,0,0,0,0,0,0,0,0,0,0,0,0,2,0,1,0,0,0,0,1,0,0,1,0,0,0,0,0,0,0,0,0,0,1,0,0,0,0,0,0,0,0,0,0,0,0,0,0,0,0,0,0,0,0,0,0,0,0,0,0,0,0,0
32,Metronidazole,4173,0.0,0.03,CC1=NC=C(N1CCO)[N+](=O)[O-],10.373000755857898,-0.5181944444444442,10.373000755857898,0.08189814814814778,0.5158680082581498,171.15599999999998,162.08399999999997,171.064391148,66,0,0.3424297029647619,-0.39228693465174963,0.39228693465174963,0.3424297029647619,1.8333333333333333,2.5,3.0,3.032858934158134,294.2284590462866,9.137828201504695,6.59691479449028,6.59691479449028,5.663902460147015,3.4389051190456774,3.4389051190456774,2.2959659204711143,2.2959659204711143,1.544695412723992,1.544695412723992,0.9783682928544701,0.9783682928544701,-1.43,563.5352626976022,8.664607379375592,3.310964147709046,1.42412717427458,68.61221882593873,15.22084566360628,12.741599977525652,5.824404497999927,0.0,0.0,5.817862777835028,0.0,9.551078168738563,0.0,0.0,0.0,4.923311048817671,6.923737199690624,6.606881964512918,10.029838443658377,5.817862777835028,0.0,9.551078168738563,0.0,13.4684936056032,6.606881964512918,22.135566338378577,0.0,0.0,0.0,5.817862777835028,0.0,0.0,26.18779857690986,6.544756405912575,17.038055468456196,5.824404497999927,6.196843571613076,0.0,0.0,0.0,81.19,4.923311048817671,10.114318268765572,0.0,18.969501148260523,5.824404497999927,0.0,10.763943219404432,6.923737199690624,0.0,4.9839785209472085,5.106527394840706,1.3611111111111112,0.0,13.621426681783824,18.97051776266062,0.0,0.45583333333333376,0.0,1.1855092592592593,1.738935185185185,0.0,0.5,12,1,6,0,0,0,0,1,1,5,1,6,3,0,0,0,1,0.09201999999999982,40.704200000000014,0,1,1,0,0,2,0,0,0,0,0,0,0,0,0,3,0,0,0,0,0,0,0,0,0,0,0,0,0,0,1,0,0,0,0,0,0,0,0,0,0,0,0,0,0,0,0,1,0,0,0,0,0,0,0,0,0,0,1,0,0,0,0,0,0,0,0,0,0,0,0,0,0,0,0,0,0,0,0,0,0,0,0,0,0
33,Diazinon,3017,0.0,-0.14,CCOP(=S)(OCC)OC1=NC(=NC(=C1)C)C(C)C,5.684814814814814,-2.7681046863189724,5.684814814814814,0.22156646300495475,0.7176158745437983,304.35200000000003,283.184,304.101050162,108,0,0.3813041331392303,-0.40553675471309386,0.40553675471309386,0.3813041331392303,1.2105263157894737,1.7894736842105263,2.263157894736842,2.9903765648588534,458.28775961477083,14.466255326250886,12.043548049107674,13.754471821035317,8.897995908302168,6.341137853298482,8.897176454989257,4.234512685735311,7.169552628564478,2.1441657031999513,4.5597470556933,1.3875434480835418,3.384127713202852,-0.55,10959.548457284374,16.50420054200542,7.2904051242661545,5.146214182684139,119.51079978829642,4.5237471617118175,5.824404497999927,0.0,5.879988336435371,0.0,6.718607232363179,9.047494323423635,4.9839785209472085,4.9839785209472085,0.0,13.847474399381248,20.771211599071872,29.485057198110113,13.213763929025836,13.571241485135452,18.525463321001826,0.0,9.967957041894417,0.0,40.53659204461451,13.213763929025836,17.584699561309996,0.0,5.879988336435371,4.5237471617118175,0.0,5.879988336435371,6.718607232363179,23.181720970920253,20.85435041206228,6.923737199690624,45.131187337772275,6.06636706846161,0.0,0.0,0.0,53.47,6.718607232363179,0.0,0.0,5.917906046161393,19.093752265461205,11.518332492848387,0.0,6.06636706846161,34.61868599845312,9.967957041894417,25.3780975737741,16.555021730914586,5.31843253968254,8.711293461829175,0.0,0.8363397581254727,1.365992640883514,1.7410416666666666,0.0,7.777433757453599,0.0,0.6666666666666666,19,0,5,0,0,0,0,1,1,6,0,7,7,0,0,0,1,3.5847200000000026,79.02300000000004,0,0,0,0,0,2,0,0,0,0,0,0,0,0,0,2,0,0,0,0,0,0,0,0,0,0,0,0,0,0,1,0,0,0,0,0,0,0,0,0,0,0,0,0,0,0,0,0,0,0,0,0,0,0,0,0,0,0,0,0,0,0,0,0,0,0,0,0,0,0,0,0,0,0,0,0,0,0,0,0,0,0,0,0,0
34,Metoprolol,4171,0.0,-0.2,CC(C)NCC(COC1=CC=C(C=C1)CCOC)O,9.72607924092502,-0.4902148835378457,9.72607924092502,0.3027160493827159,0.7135696186852984,267.36899999999997,242.16899999999995,267.18344366,108,0,0.11895622189073655,-0.4908491126928612,0.4908491126928612,0.11895622189073655,1.2105263157894737,1.894736842105263,2.473684210526316,2.285695819256649,337.7488527229999,14.08757566981053,12.056238916311631,12.056238916311631,9.113392202930193,6.736267834766839,6.736267834766839,4.914526399758234,4.914526399758234,2.722324032776904,2.722324032776904,1.5953428232140636,1.5953428232140636,-1.1,16005.550546008659,15.955865921787705,8.908256708575717,7.1546480807002135,115.28706854388427,19.897041906447136,18.460360185545124,0.0,0.0,0.0,0.0,0.0,0.0,0.0,0.0,25.980208536304467,24.117007251546227,19.696394776338067,6.606881964512918,14.580253302440804,0.0,0.0,5.316788604006331,0.0,32.41410323920353,26.868317876215944,29.828919765543436,0.0,5.749511833283905,10.05365155780638,0.0,5.749511833283905,0.0,44.12065248795292,11.157684576726059,0.0,19.410925891078243,24.26546827384644,0.0,0.0,0.0,50.72,6.103966387748303,5.106527394840706,0.0,0.0,19.193479199573453,18.777215420722833,5.563451491696996,7.109797541277533,38.112942673227685,5.316788604006331,9.473725907600098,10.568141544202149,0.0,0.0,12.895984623836632,1.2187249207789435,0.782188681027967,8.260365096363474,0.41029447137491826,5.665825091731928,1.6984755706839874,0.6,19,2,4,0,0,0,1,0,1,4,2,4,9,0,0,0,1,1.6131999999999997,76.66250000000004,0,1,1,0,0,0,0,0,0,0,0,0,0,0,0,0,1,0,0,0,0,0,0,0,0,0,0,0,0,0,0,0,0,0,1,0,0,0,0,0,0,2,0,0,0,0,0,0,0,0,0,0,0,0,0,1,0,0,0,0,0,0,0,0,0,0,0,0,0,0,0,0,0,0,0,0,0,0,0,0,0,0,0,0,0
35,Abacavir,1971,0.01,-0.08,C1CC1NC2=C3C(=NC(=N2)N)N(C=N3)C4CC(C=C4)CO,9.257136034727125,0.16224537037037035,9.257136034727125,0.16224537037037035,0.7272302824304794,286.33900000000006,268.195,286.15420919599995,110,0,0.22361307716644327,-0.39576253916630044,0.39576253916630044,0.22361307716644327,1.3333333333333333,2.1904761904761907,2.9047619047619047,1.7339568373952159,704.7972989715104,14.396976746569033,11.605946986573365,11.605946986573365,10.241514740667453,7.301056943267136,7.301056943267136,5.803680855058163,5.803680855058163,4.098384016973036,4.098384016973036,2.7921243136477862,2.7921243136477862,-2.15,128289.44304880172,12.580123737360514,4.696423830473371,2.2293171590176106,121.45834382482487,20.724083123800575,0.0,16.98174071621902,5.948339280986494,0.0,0.0,0.0,4.9839785209472085,9.967957041894417,0.0,12.152040213667762,19.26246486877803,18.566628839822272,12.369160903912501,5.106527394840706,22.930079997205514,0.0,19.51903521063298,5.917906046161393,31.34614652707395,17.657338045681435,18.479360288432304,0.0,0.0,11.050456081168516,11.766202058821523,0.0,0.0,37.27428539913456,0.0,5.917906046161393,25.30430569792599,18.479360288432304,0.0,11.16387793838399,0.0,101.88,0.0,5.106527394840706,0.0,24.514968120808767,6.041840829147961,36.24420558499705,0.0,6.3273200747645415,10.643119754625236,26.344744273681837,5.733667477162185,2.0115192743764174,0.0,13.083932350718065,12.61571895863743,7.3497308830939785,1.1835306174939113,0.646315480138081,9.104055755018056,0.17186334719072827,0.0,0.5,21,4,7,2,0,2,0,2,2,7,3,7,4,1,0,1,4,1.0922999999999998,79.74990000000001,0,1,1,1,0,4,0,0,0,0,0,0,0,0,0,4,1,1,0,0,0,0,0,0,0,0,1,0,0,2,0,0,0,0,0,0,1,0,0,0,0,0,0,0,0,0,0,1,0,0,0,0,0,0,0,0,0,0,0,0,0,0,0,0,0,0,0,0,0,0,0,0,0,0,0,0,0,0,0,0,0,0,0,0,0
36,Procainamide,4913,0.04,-0.21,CCN(CC)CCNC(=O)C1=CC=C(C=C1)N,11.743677248677248,-0.0442998866213149,11.743677248677248,0.0442998866213149,0.7315396930195435,235.33100000000002,214.16299999999995,235.168462292,94,0,0.25082564185696543,-0.3987282195063003,0.3987282195063003,0.25082564185696543,1.2352941176470589,1.8235294117647058,2.3529411764705883,2.3694575785961214,344.1871368924923,12.673362107437434,10.570640356658142,10.570640356658142,8.168233757796584,6.030616735889546,6.030616735889546,3.904792031490305,3.904792031490305,2.780887787206888,2.780887787206888,1.603937549253247,1.603937549253247,-1.55,6430.776835888457,13.51472491909385,6.909922945262059,4.443998045644615,102.79710657114113,15.950365812018994,0.0,0.0,0.0,5.907179729351506,0.0,4.794537184071822,0.0,0.0,0.0,13.847474399381248,37.35498108567159,24.340350578205708,0.0,4.794537184071822,11.594566004035068,0.0,10.216698334856808,0.0,13.847474399381248,31.912693100812486,29.828919765543436,0.0,0.0,11.050456081168516,5.687386274683562,0.0,0.0,36.98611508385229,0.0,0.0,24.205463075150064,24.26546827384644,0.0,0.0,0.0,58.36,0.0,4.794537184071822,0.0,5.907179729351506,17.795594172293132,19.634269217737724,0.0,24.26546827384644,0.0,24.064172734238056,5.733667477162185,0.0,0.0,14.010801734273954,2.8961007180650036,6.8869682949192335,-0.0442998866213149,6.947182854623331,0.0,7.803246284739792,0.0,0.46153846153846156,17,3,4,0,0,0,1,0,1,3,2,4,6,0,0,0,1,1.3403999999999998,70.97560000000004,0,0,0,1,0,0,0,0,0,0,1,1,0,0,0,1,1,1,0,1,0,0,0,0,0,0,0,1,0,1,0,0,0,0,1,0,0,0,0,0,0,0,0,0,0,0,0,0,0,0,0,0,0,0,0,0,0,0,0,0,0,0,0,0,0,0,0,0,0,0,0,0,0,0,0,0,0,0,0,0,0,0,0,0,0
37,Zidovudine,5726,0.09,0.04,CC1=CN(C(=O)NC1=O)C2CC(C(O2)CO)N=[N+]=[N-],11.700274155958681,-0.6706481481481485,11.700274155958681,0.26456065759637215,0.4454004294146897,267.245,254.141,267.096753896,102,0,0.32995848935617655,-0.3936655723867071,0.3936655723867071,0.32995848935617655,1.6842105263157894,2.4210526315789473,3.0526315789473686,2.3418569370217903,629.5425620141572,13.991199352633217,10.18442748802298,10.18442748802298,9.062080607913938,5.690837383582931,5.690837383582931,4.2983803704311665,4.2983803704311665,3.0401842974485507,3.0401842974485507,2.0380975383013538,2.0380975383013538,-2.0900000000000003,22562.15968015893,13.344207765672458,5.268544354094518,2.525949955530779,106.62903730140094,9.843390348640755,6.22790117073487,0.0,0.0,5.559266895052008,5.689743398203474,14.345615352810384,4.794537184071822,0.0,0.0,5.114250125629398,12.454866198475877,23.092828333488544,18.75268918140918,9.843390348640755,0.0,0.0,9.551078168738563,5.114250125629398,31.718267210247767,6.606881964512918,43.04122037074691,0.0,0.0,11.24901029325548,0.0,0.0,0.0,33.410294744988455,4.736862953800049,6.923737199690624,18.212174285357875,20.900168065386115,0.0,10.442840646037716,0.0,133.08,29.622718680886614,9.589074368143644,0.0,13.027703587438928,5.563451491696996,0.0,10.763943219404432,6.923737199690624,0.0,15.00994029382907,15.374519347426006,6.692031368102797,0.0,27.83457096843686,12.671790412152514,7.755911625835418,0.0,-0.5424683484504915,0.32880149281934945,1.2593624811035526,0.0,0.6,19,2,9,0,1,1,0,1,1,6,2,9,3,0,1,1,2,-0.19627999999999995,64.60650000000003,0,1,1,0,0,2,1,0,0,0,0,0,0,0,0,4,1,0,0,0,0,1,0,0,0,0,0,0,0,0,1,1,0,0,0,0,0,0,0,0,0,1,0,0,0,0,0,0,0,0,0,0,0,0,0,0,0,0,0,0,0,0,0,0,0,0,0,0,0,0,0,0,0,0,0,0,0,0,0,0,0,0,0,0,0
38,Diazepam,3016,0.1,-0.36,CN1C(=O)CN=C(C2=C1C=CC(=C2)Cl)C3=CC=CC=C3,12.024468379944572,-0.028237433862433825,12.024468379944572,0.028237433862433825,0.79164533623487,284.74600000000004,271.642,284.07164071600005,100,0,0.24791727974282635,-0.31319991842941763,0.31319991842941763,0.24791727974282635,1.15,1.9,2.65,2.229963444415005,694.8779897536324,14.11251969619286,11.006548889176562,11.762477835195018,9.66470379794645,6.329639001332096,6.707603474341323,4.645086508323744,5.08152228879573,3.368833542284992,3.603930645072731,2.3054972364225597,2.477600260375427,-2.129999999999999,50100.21358682773,12.881278899155532,5.097712849630266,2.207528872522681,122.06237911260715,4.899909730850478,6.544756405912575,0.0,5.907179729351506,0.0,0.0,9.786941916707491,0.0,0.0,0.0,41.932775232540564,18.19910120538483,23.197208279812507,11.399071277454265,4.794537184071822,28.907190897038284,0.0,0.0,4.992404732635669,0.0,18.492338119440245,64.6804728448282,0.0,0.0,4.899909730850478,5.687386274683562,0.0,11.600939890232516,25.21129312071197,4.794537184071822,0.0,11.126902983393991,53.523341280328545,5.022633313741326,0.0,0.0,32.67,0.0,4.794537184071822,0.0,12.45193613526408,5.022633313741326,22.525974260848255,0.0,18.013948781989278,42.46456947923127,4.992404732635669,11.600939890232516,0.0,6.108365947201925,18.12866591080877,0.6343797241118672,3.510620118417738,-0.028237433862433825,15.349031697040958,0.0,0.14585978835978808,1.7624253590325019,0.125,20,0,3,0,1,1,2,0,2,2,0,4,1,0,0,0,3,3.1538000000000013,81.81000000000003,0,0,0,0,0,0,0,0,0,0,1,1,0,0,1,2,0,0,0,1,0,0,0,0,0,0,0,1,0,1,0,0,0,0,2,1,1,0,0,0,0,0,0,0,1,0,0,0,0,0,0,0,0,0,0,0,0,0,0,0,0,0,0,0,0,0,0,0,0,0,0,0,0,0,0,0,0,0,0,0,0,0,0,0,0
39,Stavudine,5155,0.12,0.11,CC1=CN(C(=O)NC1=O)C2C=CC(O2)CO,11.50527730536659,-0.5692592592592598,11.50527730536659,0.13483528596623828,0.6498890462135971,224.216,212.11999999999998,224.079706864,86,0,0.33022519570566533,-0.3933303909580823,0.3933303909580823,0.33022519570566533,1.5,2.25,2.875,2.3618874941980867,528.3559464826387,11.706742302257043,8.713030189526183,8.713030189526183,7.613392202930193,4.88280857957471,4.88280857957471,3.611230981313146,3.611230981313146,2.4045857811812636,2.4045857811812636,1.5261335743589577,1.5261335743589577,-1.6600000000000001,5760.166679208255,10.844513937877473,4.070238064132969,1.8434062253001617,90.80571225044189,9.843390348640755,6.103966387748303,6.22790117073487,0.0,5.559266895052008,5.689743398203474,14.345615352810384,4.794537184071822,0.0,0.0,6.076020106833881,12.999757306524504,11.760295063310071,6.606881964512918,9.843390348640755,0.0,0.0,9.551078168738563,0.0,19.255604758173796,6.606881964512918,44.75041993837696,0.0,0.0,11.24901029325548,0.0,0.0,0.0,27.36845391584049,4.736862953800049,6.923737199690624,11.791352662431866,27.93795815342448,0.0,0.0,0.0,84.32000000000001,23.580877851738656,9.589074368143644,0.0,6.606881964512918,5.563451491696996,0.0,10.763943219404432,19.075777413358384,0.0,4.9839785209472085,9.843390348640755,6.632784391534392,0.0,24.85722970206601,8.877265815276727,-0.4909046411774576,0.0,0.0,3.8170266439909293,1.4732647549760645,0.0,0.4,16,2,6,0,1,1,0,1,1,5,2,6,2,0,0,0,2,-0.7090800000000002,56.19550000000002,0,1,1,0,0,2,1,0,0,0,0,0,0,0,0,1,1,0,0,0,0,1,0,0,0,0,0,0,0,0,1,0,0,0,0,0,0,0,0,0,0,1,0,0,0,0,0,0,0,0,0,0,0,0,0,0,0,0,0,0,0,0,0,0,0,0,0,0,0,0,0,0,0,0,0,0,0,0,0,0,0,0,0,0,0
40,Valproic acid,3121,0.18,-0.05,CCCC(CCC)C(=O)O,10.479351851851852,-0.6354629629629625,10.479351851851852,0.10185185185185208,0.6423719745530849,144.214,128.08599999999998,144.115029752,60,0,0.30598677885955755,-0.4810264638850934,0.4810264638850934,0.30598677885955755,1.3,1.7,1.9,3.6095780526829477,93.43071362054202,7.983127663125442,6.7612392798996375,6.7612392798996375,4.718744015013407,3.947116220877545,3.947116220877545,2.612511362237168,2.612511362237168,1.6235145467500236,1.6235145467500236,1.0882115674274204,1.0882115674274204,-0.53,134.88790460158438,9.47,5.270170381876186,3.4868174048208713,62.24960168084558,5.106527394840706,0.0,0.0,0.0,0.0,5.969305287951849,4.794537184071822,0.0,0.0,0.0,26.689117645233267,12.841643245852019,0.0,5.917906046161393,9.901064578912528,5.969305287951849,0.0,0.0,5.917906046161393,39.53076089108528,0.0,0.0,0.0,0.0,0.0,0.0,0.0,0.0,11.075832682792555,4.794537184071822,5.917906046161393,39.53076089108528,0.0,0.0,0.0,0.0,37.3,5.969305287951849,4.794537184071822,0.0,5.917906046161393,0.0,25.683286491704038,0.0,0.0,13.847474399381248,0.0,5.106527394840706,0.0,0.0,10.479351851851852,8.635462962962963,0.0,-0.7373148148148145,0.0,3.583611111111111,4.038888888888889,0.0,0.875,10,1,2,0,0,0,0,0,0,1,1,2,5,0,0,0,0,2.2874,40.9418,1,0,0,0,0,0,0,0,1,1,1,0,0,0,0,0,0,0,0,0,0,0,0,0,0,0,0,0,0,0,0,0,0,0,0,0,0,0,0,0,0,0,0,0,0,0,0,0,0,0,0,0,0,0,0,0,0,0,0,0,0,0,0,0,0,0,0,0,0,0,0,0,0,0,0,0,0,0,0,0,0,0,0,0,0
41,Indinavir,3706,-1.1,-0.68,CC(C)(C)NC(=O)C1CN(CCN1CC(CC(CC2=CC=CC=C2)C(=O)NC3C(CC4=CC=CC=C34)O)O)CC5=CN=CC=C5,13.809625991907426,-0.8332776827315975,13.809625991907426,0.07124852016408312,0.2628234200956571,613.803,566.4270000000002,613.3628049839999,240,0,0.23859013760972772,-0.39176882691863324,0.39176882691863324,0.23859013760972772,1.0,1.7333333333333334,2.466666666666667,1.2852198565641857,1413.701990345549,31.976116247942265,26.601723653333163,26.601723653333163,21.552665148020626,16.010616163128326,16.010616163128326,13.57909016078767,13.57909016078767,8.70448262056763,8.70448262056763,6.564980489820984,6.564980489820984,-3.6299999999999986,9690025118.395958,32.754084204864384,14.643085866126452,8.976638083300317,266.21838079115093,20.846631997694075,6.041840829147961,0.0,11.814359458703011,0.0,0.0,24.372872350791805,0.0,0.0,0.0,60.6636706846161,61.933027880173476,62.99512209425977,18.249773604644567,19.802129157825057,11.814359458703011,0.0,25.417375190660824,5.917906046161393,76.40897255993835,26.1790256236503,101.37753086309185,0.0,0.0,10.633577208012662,0.0,0.0,0.0,86.7789367117108,28.975474019908237,5.917906046161393,55.48768001793382,79.12372489630387,0.0,0.0,0.0,118.03000000000002,35.74844573233727,19.802129157825057,0.0,24.779937487541595,32.475912463589744,28.798562372700555,0.0,6.196843571613076,93.69809292376267,25.417375190660824,0.0,0.0,0.0,35.887265478181696,28.505208258305196,3.6766292690542652,-0.7813825973835413,20.626342850020876,3.2603443654366506,8.742259043051524,0.0,0.4722222222222222,45,4,9,1,1,2,2,1,3,7,4,9,11,0,1,1,5,2.866900000000004,174.06699999999955,0,2,2,0,0,1,0,0,0,0,2,2,0,1,0,3,2,0,0,0,0,0,0,0,0,0,0,2,0,0,0,0,0,0,2,0,1,0,0,0,0,0,0,0,0,0,0,0,0,0,0,0,0,0,0,0,0,0,0,0,0,0,0,0,0,0,0,0,0,0,1,0,0,1,0,0,0,0,0,0,0,0,0,0,0
42,Duloxetine,60835,-0.92,-0.43,CNCC[C@@H](C1=CC=CS1)OC2=CC=CC3=CC=CC=C32,6.34462962962963,0.10023715041572134,6.34462962962963,0.10023715041572134,0.7159243797705693,297.423,278.27099999999996,297.11873522800005,108,0,0.1340443301101899,-0.48420047621577944,0.48420047621577944,0.1340443301101899,1.0476190476190477,1.9047619047619047,2.7142857142857144,1.9028725223173684,688.0195251327871,14.493353063746348,12.081563104386708,12.898059685314434,10.381341395361318,7.206838633214242,8.086491444469136,4.991425816450353,5.97069812461281,3.535905895677152,4.500263501424252,2.460887731980955,3.250036505822707,-1.8399999999999994,130768.59893884994,14.112237163246272,6.74349609375,3.25673052665814,128.93370099840905,10.05365155780638,11.853478221032208,0.0,0.0,0.0,0.0,0.0,0.0,0.0,11.336785877934737,42.46456947923127,36.491449510443694,16.684193031092104,0.0,4.736862953800049,22.10923430686433,0.0,5.316788604006331,0.0,12.524788010674312,13.592428388589765,64.85451358032171,0.0,5.749511833283905,10.05365155780638,0.0,5.749511833283905,11.336785877934737,13.592428388589765,0.0,0.0,17.40193520437561,59.9773663866204,0.0,10.772448428929591,0.0,21.259999999999998,0.0,0.0,0.0,6.103966387748303,0.0,18.71508986212249,15.64959562263089,11.336785877934737,7.04767198267719,65.29415499062674,4.736862953800049,6.34462962962963,1.7533271657428402,1.2760964663643237,7.701506939195433,0.0,0.960743575207861,18.824803818132192,1.0588031462585028,0.9378301366843033,1.9755924561182499,0.2222222222222222,21,1,2,0,0,0,2,1,3,3,1,3,6,0,0,0,3,4.630900000000003,90.17970000000005,0,0,0,0,0,0,0,0,0,0,0,0,0,0,0,0,1,0,0,0,0,0,0,0,0,0,0,0,0,0,0,0,0,0,2,0,1,0,0,0,0,1,0,0,0,0,0,0,0,0,0,0,0,0,0,0,0,0,0,0,0,0,0,0,0,0,0,0,0,0,0,0,0,0,0,0,0,0,0,0,0,0,1,0,0
43,17-Hydroxyprogesterone caproate,3653,-0.7,-0.55,CCCCCC(=O)OC1(CCC2C1(CCC3C2CCC4=CC(=O)CCC34C)C)C(=O)C,13.056922165745442,-0.9528902772528767,13.056922165745442,0.033019110919544126,0.38618366498262774,428.6130000000003,388.2930000000002,428.29265975999994,172,0,0.3062964729060087,-0.45043806083991933,0.45043806083991933,0.3062964729060087,1.032258064516129,1.7741935483870968,2.4838709677419355,1.5945779547616092,797.0581468188951,22.44094682093905,19.92767561285253,19.92767561285253,14.676323239538835,12.645159927343355,12.645159927343355,11.27806748547334,11.27806748547334,9.92279830664584,9.92279830664584,8.140065474409047,8.140065474409047,-1.45,8344610.257563673,22.733574366270965,8.15439940882121,3.4343517447602596,187.1129298854784,4.736862953800049,0.0,17.167540703713566,0.0,0.0,5.969305287951849,14.383611552215466,0.0,0.0,0.0,39.18595937499316,87.53503889781355,18.2566337152488,0.0,19.120474506015512,17.535795180681728,0.0,0.0,28.58369907727774,110.3458590848583,0.0,11.64912463690315,0.0,0.0,0.0,0.0,0.0,0.0,23.136845991665414,19.120474506015512,28.58369907727774,104.74480827387463,11.64912463690315,0.0,0.0,0.0,60.440000000000005,5.601050810983688,14.383611552215466,0.0,28.365776119475285,37.0161830072622,57.787394606334104,5.573104530069267,6.923737199690624,6.076020106833881,20.771211599071872,4.736862953800049,6.160520084372899,0.0,37.84419370335029,0.0,0.2606716248300014,1.660512042883543,0.0,12.618608490588636,8.372160720641293,0.0,0.8148148148148148,31,0,4,4,0,4,0,0,0,4,0,4,6,3,0,3,4,5.969600000000007,120.3560000000001,0,0,0,0,0,0,0,0,0,0,3,3,0,0,0,0,0,0,0,0,0,0,0,0,0,0,1,0,0,0,0,0,0,0,0,0,5,0,0,0,1,1,0,0,0,0,0,0,0,0,0,2,1,0,0,0,0,0,0,0,0,0,0,0,0,0,0,0,0,0,0,0,0,0,0,0,0,0,0,0,0,0,0,1,0
44,Nelfinavir,4451,-0.6,-0.52,CC1=C(C=CC=C1O)C(=O)NC(CSC2=CC=CC=C2)C(CN3CC4CCCCC4CC3C(=O)NC(C)(C)C)O,13.460933996662956,-0.8862455120937269,13.460933996662956,0.012365883591984428,0.3265009773626079,567.7960000000004,522.4360000000004,567.3130779200001,218,0,0.251521733277959,-0.5076609476452876,0.5076609476452876,0.251521733277959,1.05,1.75,2.45,1.5359247976445245,1152.5947105502235,28.86323207281991,24.22879340684898,25.045289987776705,19.013859007760406,14.529963187051171,15.51556174670466,12.470328870492498,13.56374185921168,8.228258886041397,9.359541169413848,6.061703153681416,7.088778945006789,-2.5499999999999994,556232048.7398434,30.409538932375426,13.407906745472761,8.015265495682277,242.669857073699,20.846631997694075,5.749511833283905,0.0,5.907179729351506,5.907179729351506,0.0,14.48898409899412,0.0,0.0,11.761884949391115,43.52793314262448,76.63787241078373,40.403678129867046,18.187648046044224,19.802129157825057,23.576244408094126,0.0,15.533486938863138,11.835812092322787,88.4211136873379,18.842366418571938,59.65783953108687,0.0,5.749511833283905,10.633577208012662,0.0,5.749511833283905,11.761884949391115,69.49626369623441,4.794537184071822,18.75954929201341,68.79675988116773,53.42642002321065,0.0,0.0,0.0,101.9,12.145807216896262,19.802129157825057,0.0,29.144637373518222,35.26032508837614,30.70270475020838,12.841643245852019,36.884723354466566,51.103046941379915,15.533486938863138,0.0,0.0,1.5746738881375424,29.999754220217127,27.995726885944254,0.5433338262603096,1.2722780430953857,13.93078789274311,4.671330342755237,8.762114900847036,0.0,0.5625,40,4,7,1,1,2,2,0,2,6,4,8,9,1,1,2,4,4.747620000000005,160.5924999999997,0,1,1,0,0,0,0,1,0,0,2,2,0,1,0,1,2,0,0,0,1,0,0,0,0,0,0,2,0,0,0,0,0,0,2,0,1,0,0,0,0,0,0,0,0,0,0,0,0,0,0,0,0,0,0,0,0,0,0,0,0,0,0,0,0,1,1,0,0,1,0,0,0,0,0,1,0,0,0,0,0,0,0,0,0
45,Bupivacaine,2474,-0.52,-0.31,CCCCN1CCCCC1C(=O)NC2=C(C=CC=C2C)C,12.69273478835979,0.04565381708238769,12.69273478835979,0.04565381708238769,0.8910127130247419,288.43500000000006,260.21099999999996,288.22016351599996,116,0,0.2412445175266546,-0.32423494936901764,0.32423494936901764,0.2412445175266546,1.2857142857142858,2.0,2.6666666666666665,2.0650549483148155,463.856712264959,15.242276208189782,13.61461043102816,13.61461043102816,10.1302289553358,8.242825709114285,8.242825709114285,6.157161444194027,6.157161444194027,4.444516845696183,4.444516845696183,3.134886313422913,3.134886313422913,-1.35,57281.24375228437,16.02802883290633,7.599376898652427,4.068068371596222,128.27609529258223,5.316788604006331,0.0,0.0,5.907179729351506,0.0,0.0,9.694446914922299,0.0,0.0,0.0,37.964481650927475,57.326355063378415,5.687386274683562,6.041840829147961,4.794537184071822,11.594566004035068,0.0,4.899909730850478,0.0,58.91716054284987,18.406301415831482,29.32600418877882,0.0,0.0,5.316788604006331,5.687386274683562,0.0,0.0,29.938443101175096,4.794537184071822,13.847474399381248,50.15474829771466,18.19910120538483,0.0,0.0,0.0,32.34,0.0,4.794537184071822,0.0,11.949020558499466,0.0,42.74544531575472,19.26246486877803,0.0,6.06636706846161,43.120644070851895,0.0,0.0,0.0,15.06370701058201,3.1740077003023432,3.265787273242631,0.1696324640967497,6.189656214146202,5.721966308319573,8.41524302931049,0.0,0.6111111111111112,21,1,3,0,1,1,1,0,1,2,1,3,5,0,1,1,2,3.8965400000000026,88.66570000000006,0,0,0,0,0,0,0,0,0,0,1,1,0,0,0,1,1,0,0,0,1,0,0,0,0,0,0,1,0,1,2,0,0,0,1,0,0,0,0,0,0,0,0,0,0,0,0,0,0,0,0,0,0,0,0,0,0,0,0,0,0,0,0,0,1,0,0,0,0,1,0,0,0,0,0,0,0,0,0,0,0,0,0,0,0
46,Cefoperazone,44187,-0.46,-0.32,CCN1CCN(C(=O)C1=O)C(=O)N[C@H](C2=CC=C(C=C2)O)C(=O)N[C@H]3[C@@H]4N(C3=O)C(=C(CS4)CSC5=NN=NN5C)C(=O)O,13.560167779801167,-1.423982380162902,13.560167779801167,0.08230332674975682,0.14453824042940433,645.6800000000001,618.464,645.1424008239999,232,0,0.3521585022062475,-0.5079666200063164,0.5079666200063164,0.3521585022062475,1.1363636363636365,1.8636363636363635,2.5,1.314988682720993,1562.591958886522,31.70601334439802,23.36789447347064,25.00088763532609,21.01014680844552,13.270768282982512,15.30512163261666,9.842768230743825,11.890259377185512,7.196478414204153,9.63298379087833,4.864559873263213,7.199481553646903,-4.65,5274769017.989464,30.796209802192134,12.527239969114575,5.786628970610092,257.5168409808026,25.74654172854455,28.9041056176044,0.0,11.063616211172214,5.907179729351506,23.814779258992935,28.97796819798824,14.270877303288827,0.0,16.860566757692155,23.894619086314336,40.61979754968985,38.18764841390849,0.0,38.98027789411234,59.15290861647817,0.0,45.54056133532005,7.04767198267719,29.53772815277599,31.139976431231304,41.09906360866854,0.0,5.749511833283905,10.633577208012662,4.794537184071822,5.749511833283905,23.52376989878223,123.30486770803277,31.0203579030363,0.0,18.52902952053558,40.69204859879225,0.0,0.0,0.0,220.25999999999996,53.0866931889606,38.98027789411234,0.0,41.60522266335546,22.174207148653025,4.899909730850478,57.37095083862433,13.971409182367815,0.0,26.159029207623437,0.0,1.4374736157410648,2.486164774453064,80.13246326549654,35.64253364382253,0.5364822566735079,-4.26101369231694,1.8401577231498345,0.0,2.042543842673423,1.6431945703069608,0.4,44,4,17,0,3,3,1,1,2,13,4,19,9,0,2,2,5,-1.1119999999999959,152.55299999999983,1,0,0,0,0,4,0,1,1,1,6,5,0,0,0,7,2,0,0,1,0,0,0,0,0,0,0,6,0,0,1,0,0,0,1,0,1,0,0,0,0,0,0,0,0,0,0,0,1,0,0,0,0,1,0,0,0,0,0,0,0,0,0,0,0,1,1,0,0,0,1,0,0,0,0,2,0,0,0,1,0,0,0,0,1
47,Naloxone,4425,-0.3,-0.17,C=CCN1CCC23C4C(=O)CCC2(C1CC5=C3C(=C(C=C5)O)O4)O,12.63331640526581,-1.0011111111111113,12.63331640526581,0.04078304778701636,0.801519513250851,327.37999999999994,306.21200000000005,327.14705815199994,126,0,0.17396302079062417,-0.5042464328896997,0.5042464328896997,0.17396302079062417,1.4166666666666667,2.25,3.0416666666666665,1.7969480102820088,774.8754473625409,16.689869965382485,13.494636181681564,13.494636181681564,11.525840785378222,8.647486008212258,8.647486008212258,7.561281111830412,7.561281111830412,6.732356816716933,6.732356816716933,5.797327737535317,5.797327737535317,-1.8499999999999996,500717.3057933928,14.489422876550565,4.40553906749999,1.3809690525325302,140.08609146449774,14.94991774348146,0.0,23.38623500068105,0.0,0.0,0.0,9.694446914922299,0.0,0.0,6.578935683598497,12.142387175295491,30.892283428936633,31.115626755596114,11.016041280380467,19.744454927553285,5.783244946364939,0.0,4.899909730850478,0.0,48.84513498898076,13.08951281182515,35.91459291074959,0.0,11.49902366656781,4.736862953800049,0.0,11.49902366656781,0.0,51.732580306601925,16.63034927639461,0.0,30.38936785217202,24.787689927355597,0.0,0.0,0.0,70.00000000000001,17.12000766812877,15.007591973753234,0.0,17.574597608796804,31.432798324987942,24.21641579521914,0.0,6.06636706846161,12.142387175295491,11.478845414448976,4.736862953800049,5.983829443814563,0.0,14.90999960632401,22.09956474141539,0.2560822940287226,0.5282291666666674,3.515176051902242,3.346120769295372,5.360997926553031,0.0,0.5263157894736842,24,2,5,2,2,4,1,0,1,5,2,5,2,1,1,2,5,1.3013999999999997,87.27060000000004,0,1,0,0,0,0,0,1,0,0,1,1,0,0,0,1,0,0,0,0,1,0,0,0,0,0,0,0,0,0,0,0,0,0,1,0,0,0,0,0,0,1,0,0,0,0,0,0,0,0,0,1,1,0,0,0,0,0,0,0,0,0,0,0,0,1,1,0,0,1,0,0,0,0,0,0,0,0,0,0,0,0,0,0,0
48,Isoniazid,3767,-0.21,0.0,C1=CN=CC=C1C(=O)NN,10.749537037037037,-0.303333333333333,10.749537037037037,0.303333333333333,0.3165786787720106,137.14199999999997,130.08599999999998,137.058911844,52,0,0.2647827507246253,-0.2901429275077938,0.2901429275077938,0.2647827507246253,1.5,2.1,2.6,2.8526279288191443,221.69435494406167,7.397341225498538,5.2422132319119505,5.2422132319119505,4.8425352551010965,2.7532139951773598,2.7532139951773598,1.7093504426241093,1.7093504426241093,1.0736035943040487,1.0736035943040487,0.5866221958809619,0.5866221958809619,-1.4200000000000002,237.587417309747,6.6965501165501164,2.9319034022891572,1.2945922692541976,58.037404215739585,0.0,0.0,0.0,0.0,5.907179729351506,0.0,15.204307102129416,5.842670270266239,0.0,0.0,0.0,12.13273413692322,17.957138634923147,0.0,4.794537184071822,5.907179729351506,0.0,10.409769918057593,5.842670270266239,0.0,0.0,30.089872771846366,0.0,0.0,11.268461667376624,0.0,0.0,0.0,10.891158250298714,0.0,0.0,10.357988675768818,24.52642128014937,0.0,0.0,0.0,68.01,0.0,4.794537184071822,0.0,5.907179729351506,5.563451491696996,0.0,12.393687143226153,12.13273413692322,5.425791397110385,4.9839785209472085,5.842670270266239,0.0,0.0,14.490795540438398,0.0,2.5261111111111116,4.5807785336356766,3.1710185185185185,3.0646296296296294,0.0,0.0,0.0,10,3,4,0,0,0,0,1,1,3,2,4,1,0,0,0,1,-0.3149000000000001,35.89059999999999,0,0,0,1,0,1,0,0,0,0,1,1,0,0,0,1,1,1,0,0,0,0,0,0,0,0,0,1,0,0,0,0,0,0,0,0,0,0,0,0,0,0,0,0,0,1,0,0,0,0,0,0,0,0,0,0,0,0,0,0,0,0,0,0,0,0,0,0,0,0,0,0,0,1,0,0,0,0,0,0,0,0,0,0,0
49,Midazolam,4192,-0.13,-0.34,CC1=NC=C2N1C3=C(C=C(C=C3)Cl)C(=NC2)C4=CC=CC=C4F,14.30244457042076,-0.2929596560846559,14.30244457042076,0.2929596560846559,0.654885085071007,325.774,312.67,325.078203316,114,0,0.13210061525536995,-0.29837050207888494,0.29837050207888494,0.13210061525536995,1.1304347826086956,1.9565217391304348,2.782608695652174,2.0274961737508224,943.1897985853425,15.97432701575866,12.423478667221884,13.179407613240338,11.147867045540844,7.278037783613419,7.656002256622646,5.438311999982631,5.874747780454615,3.993996020046735,4.229093122834474,2.953456181799731,3.1255592057525976,-2.459999999999999,280153.6570741006,14.152613321456492,5.317520490200393,2.2630539582639715,137.6374907255098,0.0,11.641625339045822,0.0,0.0,0.0,0.0,9.559504380427024,9.374393568622029,0.0,0.0,23.733674027155736,37.255572541998674,16.149536297135317,29.834599249828376,4.39041504767482,17.312624893003218,0.0,9.551078168738563,4.992404732635669,13.4684936056032,0.0,82.14650268187395,0.0,5.687386274683562,0.0,4.39041504767482,0.0,11.600939890232516,15.262763171509265,6.544756405912575,12.740958040736519,22.645235476242377,53.653817783480015,5.022633313741326,5.687386274683562,0.0,30.18,0.0,4.39041504767482,0.0,5.817220841045895,22.842526214121598,22.769170259228943,6.06636706846161,12.13273413692322,41.9531486929415,9.976383253582878,11.600939890232516,16.347094356261024,6.18967972271213,9.011775163769212,0.5916737528344673,3.7868951562106328,0.5760737381372304,12.252464289213627,1.8070545162509448,2.3817337490551775,0.0,0.1111111111111111,23,0,3,0,1,1,2,1,3,3,0,5,1,0,0,0,4,4.324220000000002,89.05400000000003,0,0,0,0,0,2,0,0,0,0,0,0,0,0,1,3,0,0,0,0,0,0,0,0,0,0,0,0,0,0,1,0,0,0,2,0,3,0,0,0,0,0,0,0,2,0,0,1,0,0,0,0,0,0,0,0,0,0,0,0,0,0,0,0,0,0,0,0,0,0,0,0,0,0,0,0,0,0,0,0,0,0,0,0,0
50,Phthalimide,6809,-0.09,-0.06,C1=CC=C2C(=C1)C(=O)NC2=O,10.943981481481481,-0.3003703703703702,10.943981481481481,0.30037037037036995,0.545102812910193,147.13299999999998,142.093,147.0320284,54,0,0.258423667381136,-0.28813712230609617,0.28813712230609617,0.258423667381136,0.9090909090909091,1.3636363636363635,1.8181818181818181,2.6946772551637395,310.7002242088733,7.844934982691241,5.625897657686229,5.625897657686229,5.287693700234704,3.2355985596534893,3.2355985596534893,2.3288320724465734,2.3288320724465734,1.643378277532156,1.643378277532156,1.1169028324621526,1.1169028324621526,-1.64,517.090962203533,6.094932395164055,1.919461805555555,0.7411703067794468,63.02836257845652,0.0,0.0,0.0,0.0,11.814359458703011,0.0,14.905862972149976,0.0,0.0,0.0,12.13273413692322,12.13273413692322,0.0,11.126902983393991,9.589074368143644,11.814359458703011,0.0,5.316788604006331,0.0,0.0,0.0,35.392371257240434,0.0,0.0,5.316788604006331,0.0,0.0,0.0,11.814359458703011,0.0,0.0,20.715977351537635,24.26546827384644,0.0,0.0,0.0,46.17,0.0,9.589074368143644,0.0,11.814359458703011,11.126902983393991,0.0,0.0,24.26546827384644,0.0,5.316788604006331,0.0,0.0,0.0,21.887962962962963,2.2043518518518517,0.9398148148148153,-0.6007407407407401,6.735277777777778,0.0,0.0,0.0,0.0,11,1,3,0,1,1,1,0,1,2,1,3,0,0,0,0,2,0.5702,38.23870000000001,0,0,0,0,0,0,0,0,0,0,2,2,0,0,0,0,1,0,0,0,0,0,0,0,0,0,0,2,0,0,0,0,0,0,1,0,1,0,0,0,0,0,0,0,0,0,0,0,1,0,0,0,0,0,0,0,0,0,0,0,0,0,0,0,0,0,0,0,0,0,0,0,0,0,0,0,0,0,0,0,0,0,0,0,0
51,Chloroquine,2719,-0.03,-0.34,CCN(CC)CCCC(C)NC1=C2C=CC(=CC2=NC=C1)Cl,6.037304924321911,0.4415188019652305,6.037304924321911,0.4415188019652305,0.7564117572128701,319.88,293.6719999999999,319.181525512,120,0,0.0737050348968934,-0.3819987587014788,0.3819987587014788,0.0737050348968934,1.2272727272727273,2.0,2.727272727272727,1.9543317629987862,595.902004288487,15.94938298937633,13.772027185079638,14.527956131098094,10.63456025298537,8.168000818314397,8.545965291323624,5.734479833618928,6.170915614090913,4.112580506062865,4.347677608850603,2.7456517126883737,2.91199526772967,-1.3199999999999998,92030.06269054482,17.040493457333096,8.348732456831405,4.586608819803334,138.23015674244124,10.216698334856808,0.0,0.0,0.0,0.0,0.0,4.9839785209472085,0.0,0.0,0.0,25.448414289613766,63.66511793712681,28.334928203650723,5.516700717616262,0.0,28.191251096997135,0.0,9.883888251797686,0.0,39.654695674071846,24.951057821744055,35.48494515920084,0.0,0.0,5.316788604006331,5.687386274683562,0.0,11.600939890232516,35.559998298683375,0.0,0.0,33.61285484492389,30.462311845459517,5.022633313741326,10.902924932081056,0.0,28.16,0.0,0.0,0.0,0.0,6.041840829147961,41.1232789552571,12.965578028838586,0.0,30.462311845459517,35.97188845487589,11.600939890232516,0.0,6.037304924321911,6.855184867424676,5.466120779407596,2.0739323617800354,0.0,8.345930616851883,4.2105288993169285,10.122108662008081,0.0,0.5,22,1,3,0,0,0,1,1,2,3,1,4,8,0,0,0,2,4.810600000000004,96.85970000000006,0,0,0,0,0,1,0,0,0,0,0,0,0,0,0,2,1,0,0,0,0,0,0,0,0,0,0,0,0,1,0,0,0,0,1,0,1,0,0,0,0,0,0,0,1,0,0,0,0,0,0,0,0,0,0,0,0,0,0,0,0,0,0,0,0,0,0,0,0,0,0,0,0,1,0,0,0,0,0,0,0,0,0,0,0
52,Sotalol,5253,0.0,-0.16,CC(C)NCC(C1=CC=C(C=C1)NS(=O)(=O)C)O,11.02640851802919,-3.2565820625515784,11.02640851802919,0.31094838085729126,0.7241218527557277,272.37,252.20999999999998,272.1194635,102,0,0.229318851585102,-0.3870834441683909,0.3870834441683909,0.229318851585102,1.2222222222222223,1.7777777777777777,2.2222222222222223,2.645578494675583,468.6008195677134,13.759148545064338,10.84316686321585,11.659663444143577,8.276675564742526,5.769124352448223,7.660535890506479,4.574982672303703,6.323437871487451,2.3181521837606334,2.9246452560547476,1.4525697792778982,2.0168048928912437,-1.11,6210.359058416881,14.94920663114269,6.1727827627007485,5.482865645542789,108.2757898177038,10.423315998847038,0.0,0.0,10.023291153407584,0.0,0.0,4.722094864452088,8.417796984328938,0.0,0.0,25.980208536304467,17.696185628620217,18.2739835097441,12.359735571259707,13.524324379169643,15.710677428091145,0.0,5.316788604006331,0.0,25.993281616277514,17.522620453876065,29.828919765543436,0.0,0.0,10.038883468458419,5.687386274683562,0.0,0.0,32.36669079774158,10.023291153407584,0.0,25.514892278826544,24.26546827384644,0.0,0.0,0.0,78.42999999999999,16.127257541155885,13.524324379169643,0.0,0.0,18.2739835097441,11.819220675208399,0.0,24.26546827384644,13.847474399381248,10.038883468458419,0.0,24.42527399415026,0.0,0.0,13.026777066536491,1.243027578315277,0.0,6.995798154099922,0.5020040359271958,4.480367900189103,-3.2565820625515784,0.5,18,3,5,0,0,0,1,0,1,4,3,6,6,0,0,0,1,1.0895,73.00700000000003,0,1,1,0,0,0,0,0,0,0,0,0,0,0,0,0,2,0,0,0,0,0,0,0,0,0,0,0,0,1,0,0,0,0,1,0,0,0,0,0,0,0,0,0,0,0,0,0,0,0,0,0,0,0,0,0,0,0,0,0,0,0,0,0,0,0,0,0,0,0,0,0,0,0,0,0,1,0,0,0,0,0,0,0,0
53,Dicloran,7430,0.03,-0.21,C1=C(C=C(C(=C1Cl)N)Cl)[N+](=O)[O-],10.264125724363819,-0.5861111111111112,10.264125724363819,0.0918518518518523,0.43642666972218,207.01600000000002,202.98399999999998,205.964982728,64,0,0.2720652825090146,-0.3963048006582596,0.3963048006582596,0.2720652825090146,1.3333333333333333,1.75,2.0833333333333335,3.3065354127490636,317.31512465051026,9.300964908321223,5.751689930015016,7.263547822051925,5.519744507803582,2.910095315403382,3.666024261421837,2.080200872023921,2.894601125505134,1.2746354319679185,1.9000534489445167,0.6763284593228786,1.1518727122626131,-1.0,405.29230766986643,9.090909090909092,3.1640625,1.5955678670360112,78.03080199277284,5.733667477162185,0.0,0.0,0.0,5.687386274683562,0.0,10.114318268765572,0.0,0.0,0.0,23.20187978046503,0.0,12.13273413692322,20.655963950983885,4.923311048817671,34.57665232983216,0.0,0.0,0.0,0.0,5.733667477162185,32.292319033171445,0.0,0.0,5.733667477162185,11.374772549367124,0.0,23.20187978046503,4.923311048817671,0.0,10.114318268765572,0.0,12.13273413692322,10.045266627482652,0.0,0.0,69.16,4.923311048817671,10.114318268765572,0.0,21.420039176849777,0.0,12.13273413692322,0.0,0.0,0.0,0.0,28.935547257627213,0.0,11.098580246913578,9.678014613252707,10.447829428067523,5.353415217939029,0.0,2.3110493827160496,0.0,0.0,0.0,0.0,12,2,4,0,0,0,1,0,1,3,1,6,1,0,0,0,1,2.4838000000000005,47.52879999999999,0,0,0,1,0,0,0,0,0,0,0,0,0,0,0,1,0,1,0,0,0,0,0,0,0,0,0,0,0,1,0,0,0,0,1,0,0,0,0,0,0,0,0,0,2,0,0,0,0,0,0,0,0,0,0,0,0,0,1,1,1,0,0,0,0,0,0,0,0,0,0,0,0,0,0,0,0,0,0,0,0,0,0,0,0
54,Carnitine,10917,0.11,-0.02,C[N+](C)(C)C[C@@H](CC(=O)[O-])O,10.01751133786848,-1.2028240740740739,10.01751133786848,0.2822222222222224,0.494486132646756,161.201,146.08099999999996,161.10519334,66,0,0.10804573190827056,-0.5500638112675683,0.5500638112675683,0.10804573190827056,1.5454545454545454,2.0,2.272727272727273,3.6942591252386228,139.1113374466282,9.068914100752348,7.202487603490363,7.202487603490363,4.810349069553741,3.4943657042487355,3.4943657042487355,3.702854389810445,3.702854389810445,1.1607629873531198,1.1607629873531198,0.8891837607836005,0.8891837607836005,-0.6100000000000001,108.9512300552661,10.39,3.6866198733798097,7.285016628286414,66.64869847544368,19.49062283144786,12.648722793660877,0.0,0.0,0.0,0.0,0.0,0.0,0.0,0.0,0.0,0.0,12.390126910877859,21.143015948031568,19.49062283144786,5.969305287951849,0.0,0.0,0.0,12.524788010674312,27.687772353944144,0.0,0.0,0.0,5.106527394840706,0.0,0.0,0.0,49.35060228217962,4.794537184071822,0.0,6.4208216229260096,0.0,0.0,0.0,0.0,60.36,12.073271675700152,9.901064578912528,0.0,6.4208216229260096,11.027787263607198,0.0,0.0,0.0,21.143015948031568,0.0,5.106527394840706,0.5500462962962963,0.0,10.01751133786848,19.136261337868483,0.0,-1.2028240740740739,0.0,-1.0877777777777784,0.42458333333333353,5.662199546485261,0.8571428571428571,11,1,4,0,0,0,0,0,0,3,1,4,4,0,0,0,0,-1.8064999999999976,38.530199999999994,1,1,1,0,0,0,0,0,1,1,1,1,0,0,0,1,0,0,0,1,0,0,0,0,0,0,0,0,0,0,0,0,0,0,0,0,0,0,0,0,0,0,0,0,0,0,0,0,0,0,0,0,0,0,0,0,0,0,0,0,0,0,0,0,0,0,0,0,0,0,0,0,0,0,1,0,0,0,0,0,0,0,0,0,0
